month,scenario,lot,date,balance_usd,peak_usd,drawdown_usd,drawdown_pct,daily_pnl_usd
2020-03,baseline,0.6,2020-03-03,100098.24,100098.24,0.0,0.0,98.24
2020-03,baseline,0.6,2020-03-04,100216.03,100216.03,0.0,0.0,117.79
2020-03,baseline,0.6,2020-03-05,100317.9,100317.9,0.0,0.0,101.87
2020-03,baseline,0.6,2020-03-10,100885.09,100885.09,0.0,0.0,567.18
2020-03,baseline,0.6,2020-03-11,101561.9,101561.9,0.0,0.0,676.81
2020-03,baseline,0.6,2020-03-12,102179.71,102179.71,0.0,0.0,617.81
2020-03,baseline,0.6,2020-03-13,102699.56,102699.56,0.0,0.0,519.85
2020-03,baseline,0.6,2020-03-17,103584.23,103584.23,0.0,0.0,884.68
2020-03,baseline,0.6,2020-03-18,104317.05,104317.05,0.0,0.0,732.82
2020-03,baseline,0.6,2020-03-19,104705.71,104705.71,0.0,0.0,388.66
2020-03,baseline,0.6,2020-03-20,104821.47,104821.47,0.0,0.0,115.76
2020-03,baseline,0.6,2020-03-25,104928.22,104928.22,0.0,0.0,106.76
2020-03,baseline,0.6,2020-03-26,105391.38,105391.38,0.0,0.0,463.16
2020-03,baseline,0.6,2020-03-27,106527.9,106527.9,0.0,0.0,1136.52
2020-03,baseline,0.6,2020-03-31,106627.49,106627.49,0.0,0.0,99.58
2020-03,baseline,1.0,2020-03-03,100163.74,100163.74,0.0,0.0,163.74
2020-03,baseline,1.0,2020-03-04,100360.05,100360.05,0.0,0.0,196.31
2020-03,baseline,1.0,2020-03-05,100529.84,100529.84,0.0,0.0,169.79
2020-03,baseline,1.0,2020-03-10,101475.14,101475.14,0.0,0.0,945.3
2020-03,baseline,1.0,2020-03-11,102603.16,102603.16,0.0,0.0,1128.02
2020-03,baseline,1.0,2020-03-12,103632.85,103632.85,0.0,0.0,1029.69
2020-03,baseline,1.0,2020-03-13,104499.26,104499.26,0.0,0.0,866.41
2020-03,baseline,1.0,2020-03-17,105973.72,105973.72,0.0,0.0,1474.46
2020-03,baseline,1.0,2020-03-18,107195.08,107195.08,0.0,0.0,1221.36
2020-03,baseline,1.0,2020-03-19,107842.85,107842.85,0.0,0.0,647.77
2020-03,baseline,1.0,2020-03-20,108035.78,108035.78,0.0,0.0,192.93
2020-03,baseline,1.0,2020-03-25,108213.71,108213.71,0.0,0.0,177.93
2020-03,baseline,1.0,2020-03-26,108985.64,108985.64,0.0,0.0,771.93
2020-03,baseline,1.0,2020-03-27,110879.84,110879.84,0.0,0.0,1894.2
2020-03,baseline,1.0,2020-03-31,111045.81,111045.81,0.0,0.0,165.97
2020-03,cluster_only_3sl,0.6,2020-03-03,100098.24,100098.24,0.0,0.0,98.24
2020-03,cluster_only_3sl,0.6,2020-03-04,100216.03,100216.03,0.0,0.0,117.79
2020-03,cluster_only_3sl,0.6,2020-03-05,100317.9,100317.9,0.0,0.0,101.87
2020-03,cluster_only_3sl,0.6,2020-03-10,100385.04,100385.04,0.0,0.0,67.14
2020-03,cluster_only_3sl,0.6,2020-03-11,101061.86,101061.86,0.0,0.0,676.81
2020-03,cluster_only_3sl,0.6,2020-03-12,101679.67,101679.67,0.0,0.0,617.81
2020-03,cluster_only_3sl,0.6,2020-03-13,102199.52,102199.52,0.0,0.0,519.85
2020-03,cluster_only_3sl,0.6,2020-03-17,103084.19,103084.19,0.0,0.0,884.68
2020-03,cluster_only_3sl,0.6,2020-03-18,103817.01,103817.01,0.0,0.0,732.82
2020-03,cluster_only_3sl,0.6,2020-03-19,103640.36,103817.01,176.65,0.001766,-176.65
2020-03,cluster_only_3sl,0.6,2020-03-20,103753.93,103817.01,63.08,0.000631,113.57
2020-03,cluster_only_3sl,0.6,2020-03-25,103860.69,103860.69,0.0,0.0,106.76
2020-03,cluster_only_3sl,0.6,2020-03-26,104323.85,104323.85,0.0,0.0,463.16
2020-03,cluster_only_3sl,0.6,2020-03-27,105460.37,105460.37,0.0,0.0,1136.52
2020-03,cluster_only_3sl,0.6,2020-03-31,105559.95,105559.95,0.0,0.0,99.58
2020-03,cluster_only_3sl,1.0,2020-03-03,100163.74,100163.74,0.0,0.0,163.74
2020-03,cluster_only_3sl,1.0,2020-03-04,100360.05,100360.05,0.0,0.0,196.31
2020-03,cluster_only_3sl,1.0,2020-03-05,100529.84,100529.84,0.0,0.0,169.79
2020-03,cluster_only_3sl,1.0,2020-03-10,100641.74,100641.74,0.0,0.0,111.9
2020-03,cluster_only_3sl,1.0,2020-03-11,101769.76,101769.76,0.0,0.0,1128.02
2020-03,cluster_only_3sl,1.0,2020-03-12,102799.45,102799.45,0.0,0.0,1029.69
2020-03,cluster_only_3sl,1.0,2020-03-13,103665.86,103665.86,0.0,0.0,866.41
2020-03,cluster_only_3sl,1.0,2020-03-17,105140.32,105140.32,0.0,0.0,1474.46
2020-03,cluster_only_3sl,1.0,2020-03-18,106361.68,106361.68,0.0,0.0,1221.36
2020-03,cluster_only_3sl,1.0,2020-03-19,106067.27,106361.68,294.41,0.002944,-294.41
2020-03,cluster_only_3sl,1.0,2020-03-20,106256.56,106361.68,105.13,0.001051,189.28
2020-03,cluster_only_3sl,1.0,2020-03-25,106434.48,106434.48,0.0,0.0,177.93
2020-03,cluster_only_3sl,1.0,2020-03-26,107206.41,107206.41,0.0,0.0,771.93
2020-03,cluster_only_3sl,1.0,2020-03-27,109100.61,109100.61,0.0,0.0,1894.2
2020-03,cluster_only_3sl,1.0,2020-03-31,109266.58,109266.58,0.0,0.0,165.97
2020-03,guardrails_completos,0.6,2020-03-03,100098.24,100098.24,0.0,0.0,98.24
2020-03,guardrails_completos,0.6,2020-03-04,100216.03,100216.03,0.0,0.0,117.79
2020-03,guardrails_completos,0.6,2020-03-05,100317.9,100317.9,0.0,0.0,101.87
2020-03,guardrails_completos,0.6,2020-03-10,100910.92,100910.92,0.0,0.0,593.02
2020-03,guardrails_completos,0.6,2020-03-11,101587.73,101587.73,0.0,0.0,676.81
2020-03,guardrails_completos,0.6,2020-03-12,102049.86,102049.86,0.0,0.0,462.12
2020-03,guardrails_completos,0.6,2020-03-13,101996.03,102049.86,53.83,0.000538,-53.83
2020-03,guardrails_completos,0.6,2020-03-17,102722.14,102722.14,0.0,0.0,726.11
2020-03,guardrails_completos,0.6,2020-03-18,103454.96,103454.96,0.0,0.0,732.82
2020-03,guardrails_completos,0.6,2020-03-19,103479.19,103479.19,0.0,0.0,24.23
2020-03,guardrails_completos,0.6,2020-03-20,103719.5,103719.5,0.0,0.0,240.32
2020-03,guardrails_completos,0.6,2020-03-25,103826.26,103826.26,0.0,0.0,106.76
2020-03,guardrails_completos,0.6,2020-03-26,104289.42,104289.42,0.0,0.0,463.16
2020-03,guardrails_completos,0.6,2020-03-27,105425.94,105425.94,0.0,0.0,1136.52
2020-03,guardrails_completos,0.6,2020-03-31,105525.52,105525.52,0.0,0.0,99.58
2020-03,guardrails_completos,1.0,2020-03-03,100163.74,100163.74,0.0,0.0,163.74
2020-03,guardrails_completos,1.0,2020-03-04,100360.05,100360.05,0.0,0.0,196.31
2020-03,guardrails_completos,1.0,2020-03-05,100529.84,100529.84,0.0,0.0,169.79
2020-03,guardrails_completos,1.0,2020-03-10,101518.2,101518.2,0.0,0.0,988.36
2020-03,guardrails_completos,1.0,2020-03-11,102646.22,102646.22,0.0,0.0,1128.02
2020-03,guardrails_completos,1.0,2020-03-12,103416.43,103416.43,0.0,0.0,770.2
2020-03,guardrails_completos,1.0,2020-03-13,103326.72,103416.43,89.71,0.000897,-89.71
2020-03,guardrails_completos,1.0,2020-03-17,104536.9,104536.9,0.0,0.0,1210.18
2020-03,guardrails_completos,1.0,2020-03-18,105758.26,105758.26,0.0,0.0,1221.36
2020-03,guardrails_completos,1.0,2020-03-19,105798.64,105798.64,0.0,0.0,40.38
2020-03,guardrails_completos,1.0,2020-03-20,106199.17,106199.17,0.0,0.0,400.53
2020-03,guardrails_completos,1.0,2020-03-25,106377.1,106377.1,0.0,0.0,177.93
2020-03,guardrails_completos,1.0,2020-03-26,107149.03,107149.03,0.0,0.0,771.93
2020-03,guardrails_completos,1.0,2020-03-27,109043.23,109043.23,0.0,0.0,1894.2
2020-03,guardrails_completos,1.0,2020-03-31,109209.2,109209.2,0.0,0.0,165.97
2022-04,baseline,0.6,2022-04-01,100105.33,100105.33,0.0,0.0,105.33
2022-04,baseline,0.6,2022-04-05,100554.79,100554.79,0.0,0.0,449.46
2022-04,baseline,0.6,2022-04-06,100660.28,100660.28,0.0,0.0,105.49
2022-04,baseline,0.6,2022-04-08,100962.08,100962.08,0.0,0.0,301.81
2022-04,baseline,0.6,2022-04-12,100973.84,100973.84,0.0,0.0,11.76
2022-04,baseline,0.6,2022-04-13,101102.18,101102.18,0.0,0.0,128.34
2022-04,baseline,0.6,2022-04-14,101503.55,101503.55,0.0,0.0,401.36
2022-04,baseline,0.6,2022-04-15,101625.5,101625.5,0.0,0.0,121.95
2022-04,baseline,0.6,2022-04-19,101858.65,101858.65,0.0,0.0,233.16
2022-04,baseline,0.6,2022-04-20,101985.9,101985.9,0.0,0.0,127.25
2022-04,baseline,0.6,2022-04-21,102376.06,102376.06,0.0,0.0,390.16
2022-04,baseline,0.6,2022-04-22,102767.35,102767.35,0.0,0.0,391.29
2022-04,baseline,0.6,2022-04-26,103277.27,103277.27,0.0,0.0,509.92
2022-04,baseline,0.6,2022-04-27,103307.33,103307.33,0.0,0.0,30.06
2022-04,baseline,0.6,2022-04-28,103419.24,103419.24,0.0,0.0,111.91
2022-04,baseline,0.6,2022-04-29,104034.08,104034.08,0.0,0.0,614.84
2022-04,baseline,1.0,2022-04-01,100175.56,100175.56,0.0,0.0,175.56
2022-04,baseline,1.0,2022-04-05,100924.65,100924.65,0.0,0.0,749.09
2022-04,baseline,1.0,2022-04-06,101100.46,101100.46,0.0,0.0,175.81
2022-04,baseline,1.0,2022-04-08,101603.47,101603.47,0.0,0.0,503.01
2022-04,baseline,1.0,2022-04-12,101623.07,101623.07,0.0,0.0,19.59
2022-04,baseline,1.0,2022-04-13,101836.97,101836.97,0.0,0.0,213.91
2022-04,baseline,1.0,2022-04-14,102505.91,102505.91,0.0,0.0,668.94
2022-04,baseline,1.0,2022-04-15,102709.16,102709.16,0.0,0.0,203.25
2022-04,baseline,1.0,2022-04-19,103097.75,103097.75,0.0,0.0,388.59
2022-04,baseline,1.0,2022-04-20,103309.84,103309.84,0.0,0.0,212.08
2022-04,baseline,1.0,2022-04-21,103960.11,103960.11,0.0,0.0,650.27
2022-04,baseline,1.0,2022-04-22,104612.25,104612.25,0.0,0.0,652.14
2022-04,baseline,1.0,2022-04-26,105462.11,105462.11,0.0,0.0,849.86
2022-04,baseline,1.0,2022-04-27,105512.22,105512.22,0.0,0.0,50.11
2022-04,baseline,1.0,2022-04-28,105698.74,105698.74,0.0,0.0,186.52
2022-04,baseline,1.0,2022-04-29,106723.47,106723.47,0.0,0.0,1024.73
2022-04,cluster_only_3sl,0.6,2022-04-01,100105.33,100105.33,0.0,0.0,105.33
2022-04,cluster_only_3sl,0.6,2022-04-05,100554.79,100554.79,0.0,0.0,449.46
2022-04,cluster_only_3sl,0.6,2022-04-06,100660.28,100660.28,0.0,0.0,105.49
2022-04,cluster_only_3sl,0.6,2022-04-08,100962.08,100962.08,0.0,0.0,301.81
2022-04,cluster_only_3sl,0.6,2022-04-12,100973.84,100973.84,0.0,0.0,11.76
2022-04,cluster_only_3sl,0.6,2022-04-13,101102.18,101102.18,0.0,0.0,128.34
2022-04,cluster_only_3sl,0.6,2022-04-14,101503.55,101503.55,0.0,0.0,401.36
2022-04,cluster_only_3sl,0.6,2022-04-15,101625.5,101625.5,0.0,0.0,121.95
2022-04,cluster_only_3sl,0.6,2022-04-19,101858.65,101858.65,0.0,0.0,233.16
2022-04,cluster_only_3sl,0.6,2022-04-20,101985.9,101985.9,0.0,0.0,127.25
2022-04,cluster_only_3sl,0.6,2022-04-21,102376.06,102376.06,0.0,0.0,390.16
2022-04,cluster_only_3sl,0.6,2022-04-22,102767.35,102767.35,0.0,0.0,391.29
2022-04,cluster_only_3sl,0.6,2022-04-26,103277.27,103277.27,0.0,0.0,509.92
2022-04,cluster_only_3sl,0.6,2022-04-27,103336.97,103336.97,0.0,0.0,59.7
2022-04,cluster_only_3sl,0.6,2022-04-28,103448.88,103448.88,0.0,0.0,111.91
2022-04,cluster_only_3sl,0.6,2022-04-29,104063.72,104063.72,0.0,0.0,614.84
2022-04,cluster_only_3sl,1.0,2022-04-01,100175.56,100175.56,0.0,0.0,175.56
2022-04,cluster_only_3sl,1.0,2022-04-05,100924.65,100924.65,0.0,0.0,749.09
2022-04,cluster_only_3sl,1.0,2022-04-06,101100.46,101100.46,0.0,0.0,175.81
2022-04,cluster_only_3sl,1.0,2022-04-08,101603.47,101603.47,0.0,0.0,503.01
2022-04,cluster_only_3sl,1.0,2022-04-12,101623.07,101623.07,0.0,0.0,19.59
2022-04,cluster_only_3sl,1.0,2022-04-13,101836.97,101836.97,0.0,0.0,213.91
2022-04,cluster_only_3sl,1.0,2022-04-14,102505.91,102505.91,0.0,0.0,668.94
2022-04,cluster_only_3sl,1.0,2022-04-15,102709.16,102709.16,0.0,0.0,203.25
2022-04,cluster_only_3sl,1.0,2022-04-19,103097.75,103097.75,0.0,0.0,388.59
2022-04,cluster_only_3sl,1.0,2022-04-20,103309.84,103309.84,0.0,0.0,212.08
2022-04,cluster_only_3sl,1.0,2022-04-21,103960.11,103960.11,0.0,0.0,650.27
2022-04,cluster_only_3sl,1.0,2022-04-22,104612.25,104612.25,0.0,0.0,652.14
2022-04,cluster_only_3sl,1.0,2022-04-26,105462.11,105462.11,0.0,0.0,849.86
2022-04,cluster_only_3sl,1.0,2022-04-27,105561.61,105561.61,0.0,0.0,99.5
2022-04,cluster_only_3sl,1.0,2022-04-28,105748.13,105748.13,0.0,0.0,186.52
2022-04,cluster_only_3sl,1.0,2022-04-29,106772.86,106772.86,0.0,0.0,1024.73
2022-04,guardrails_completos,0.6,2022-04-01,100105.33,100105.33,0.0,0.0,105.33
2022-04,guardrails_completos,0.6,2022-04-05,100554.79,100554.79,0.0,0.0,449.46
2022-04,guardrails_completos,0.6,2022-04-06,100660.28,100660.28,0.0,0.0,105.49
2022-04,guardrails_completos,0.6,2022-04-08,100962.08,100962.08,0.0,0.0,301.81
2022-04,guardrails_completos,0.6,2022-04-12,100973.84,100973.84,0.0,0.0,11.76
2022-04,guardrails_completos,0.6,2022-04-13,101102.18,101102.18,0.0,0.0,128.34
2022-04,guardrails_completos,0.6,2022-04-14,101503.55,101503.55,0.0,0.0,401.36
2022-04,guardrails_completos,0.6,2022-04-15,101625.5,101625.5,0.0,0.0,121.95
2022-04,guardrails_completos,0.6,2022-04-19,101858.65,101858.65,0.0,0.0,233.16
2022-04,guardrails_completos,0.6,2022-04-20,101985.9,101985.9,0.0,0.0,127.25
2022-04,guardrails_completos,0.6,2022-04-21,102376.06,102376.06,0.0,0.0,390.16
2022-04,guardrails_completos,0.6,2022-04-22,102690.96,102690.96,0.0,0.0,314.89
2022-04,guardrails_completos,0.6,2022-04-26,103200.87,103200.87,0.0,0.0,509.92
2022-04,guardrails_completos,0.6,2022-04-27,103195.59,103200.87,5.28,5.3e-05,-5.28
2022-04,guardrails_completos,0.6,2022-04-28,103210.06,103210.06,0.0,0.0,14.47
2022-04,guardrails_completos,0.6,2022-04-29,103451.65,103451.65,0.0,0.0,241.59
2022-04,guardrails_completos,1.0,2022-04-01,100175.56,100175.56,0.0,0.0,175.56
2022-04,guardrails_completos,1.0,2022-04-05,100924.65,100924.65,0.0,0.0,749.09
2022-04,guardrails_completos,1.0,2022-04-06,101100.46,101100.46,0.0,0.0,175.81
2022-04,guardrails_completos,1.0,2022-04-08,101603.47,101603.47,0.0,0.0,503.01
2022-04,guardrails_completos,1.0,2022-04-12,101623.07,101623.07,0.0,0.0,19.59
2022-04,guardrails_completos,1.0,2022-04-13,101836.97,101836.97,0.0,0.0,213.91
2022-04,guardrails_completos,1.0,2022-04-14,102505.91,102505.91,0.0,0.0,668.94
2022-04,guardrails_completos,1.0,2022-04-15,102709.16,102709.16,0.0,0.0,203.25
2022-04,guardrails_completos,1.0,2022-04-19,103097.75,103097.75,0.0,0.0,388.59
2022-04,guardrails_completos,1.0,2022-04-20,103309.84,103309.84,0.0,0.0,212.08
2022-04,guardrails_completos,1.0,2022-04-21,103960.11,103960.11,0.0,0.0,650.27
2022-04,guardrails_completos,1.0,2022-04-22,104484.93,104484.93,0.0,0.0,524.82
2022-04,guardrails_completos,1.0,2022-04-26,105334.79,105334.79,0.0,0.0,849.86
2022-04,guardrails_completos,1.0,2022-04-27,105325.99,105334.79,8.8,8.8e-05,-8.8
2022-04,guardrails_completos,1.0,2022-04-28,105350.11,105350.11,0.0,0.0,24.12
2022-04,guardrails_completos,1.0,2022-04-29,105752.75,105752.75,0.0,0.0,402.65
2020-09,baseline,0.6,2020-09-01,99978.32,100000.0,21.68,0.000217,-21.68
2020-09,baseline,0.6,2020-09-02,100428.41,100428.41,0.0,0.0,450.09
2020-09,baseline,0.6,2020-09-03,101050.78,101050.78,0.0,0.0,622.38
2020-09,baseline,0.6,2020-09-04,100972.56,101050.78,78.23,0.000782,-78.23
2020-09,baseline,0.6,2020-09-08,100995.92,101050.78,54.87,0.000549,23.36
2020-09,baseline,0.6,2020-09-09,101322.76,101322.76,0.0,0.0,326.84
2020-09,baseline,0.6,2020-09-10,101723.08,101723.08,0.0,0.0,400.32
2020-09,baseline,0.6,2020-09-11,102192.33,102192.33,0.0,0.0,469.24
2020-09,baseline,0.6,2020-09-15,102296.77,102296.77,0.0,0.0,104.44
2020-09,baseline,0.6,2020-09-16,102367.29,102367.29,0.0,0.0,70.52
2020-09,baseline,0.6,2020-09-17,102825.53,102825.53,0.0,0.0,458.24
2020-09,baseline,0.6,2020-09-18,102904.77,102904.77,0.0,0.0,79.23
2020-09,baseline,0.6,2020-09-22,103261.01,103261.01,0.0,0.0,356.24
2020-09,baseline,0.6,2020-09-23,103560.29,103560.29,0.0,0.0,299.28
2020-09,baseline,0.6,2020-09-24,103862.47,103862.47,0.0,0.0,302.18
2020-09,baseline,0.6,2020-09-25,104212.26,104212.26,0.0,0.0,349.79
2020-09,baseline,0.6,2020-09-29,104472.03,104472.03,0.0,0.0,259.77
2020-09,baseline,0.6,2020-09-30,104575.03,104575.03,0.0,0.0,103.0
2020-09,baseline,1.0,2020-09-01,99963.86,100000.0,36.14,0.000361,-36.14
2020-09,baseline,1.0,2020-09-02,100714.01,100714.01,0.0,0.0,750.15
2020-09,baseline,1.0,2020-09-03,101751.3,101751.3,0.0,0.0,1037.29
2020-09,baseline,1.0,2020-09-04,101620.93,101751.3,130.38,0.001304,-130.38
2020-09,baseline,1.0,2020-09-08,101659.86,101751.3,91.44,0.000914,38.93
2020-09,baseline,1.0,2020-09-09,102204.6,102204.6,0.0,0.0,544.74
2020-09,baseline,1.0,2020-09-10,102871.8,102871.8,0.0,0.0,667.2
2020-09,baseline,1.0,2020-09-11,103653.88,103653.88,0.0,0.0,782.07
2020-09,baseline,1.0,2020-09-15,103827.94,103827.94,0.0,0.0,174.07
2020-09,baseline,1.0,2020-09-16,103945.48,103945.48,0.0,0.0,117.54
2020-09,baseline,1.0,2020-09-17,104709.22,104709.22,0.0,0.0,763.74
2020-09,baseline,1.0,2020-09-18,104841.28,104841.28,0.0,0.0,132.06
2020-09,baseline,1.0,2020-09-22,105435.02,105435.02,0.0,0.0,593.73
2020-09,baseline,1.0,2020-09-23,105933.81,105933.81,0.0,0.0,498.8
2020-09,baseline,1.0,2020-09-24,106437.45,106437.45,0.0,0.0,503.64
2020-09,baseline,1.0,2020-09-25,107020.43,107020.43,0.0,0.0,582.98
2020-09,baseline,1.0,2020-09-29,107453.38,107453.38,0.0,0.0,432.95
2020-09,baseline,1.0,2020-09-30,107625.05,107625.05,0.0,0.0,171.67
2020-09,cluster_only_3sl,0.6,2020-09-01,99978.32,100000.0,21.68,0.000217,-21.68
2020-09,cluster_only_3sl,0.6,2020-09-02,100428.41,100428.41,0.0,0.0,450.09
2020-09,cluster_only_3sl,0.6,2020-09-03,101050.78,101050.78,0.0,0.0,622.38
2020-09,cluster_only_3sl,0.6,2020-09-04,100972.56,101050.78,78.23,0.000782,-78.23
2020-09,cluster_only_3sl,0.6,2020-09-08,100995.92,101050.78,54.87,0.000549,23.36
2020-09,cluster_only_3sl,0.6,2020-09-09,101322.76,101322.76,0.0,0.0,326.84
2020-09,cluster_only_3sl,0.6,2020-09-10,101723.08,101723.08,0.0,0.0,400.32
2020-09,cluster_only_3sl,0.6,2020-09-11,102192.33,102192.33,0.0,0.0,469.24
2020-09,cluster_only_3sl,0.6,2020-09-15,102296.77,102296.77,0.0,0.0,104.44
2020-09,cluster_only_3sl,0.6,2020-09-16,102367.29,102367.29,0.0,0.0,70.52
2020-09,cluster_only_3sl,0.6,2020-09-17,102825.53,102825.53,0.0,0.0,458.24
2020-09,cluster_only_3sl,0.6,2020-09-18,102904.77,102904.77,0.0,0.0,79.23
2020-09,cluster_only_3sl,0.6,2020-09-22,103261.01,103261.01,0.0,0.0,356.24
2020-09,cluster_only_3sl,0.6,2020-09-23,103560.29,103560.29,0.0,0.0,299.28
2020-09,cluster_only_3sl,0.6,2020-09-24,103862.47,103862.47,0.0,0.0,302.18
2020-09,cluster_only_3sl,0.6,2020-09-25,104212.26,104212.26,0.0,0.0,349.79
2020-09,cluster_only_3sl,0.6,2020-09-29,104472.03,104472.03,0.0,0.0,259.77
2020-09,cluster_only_3sl,0.6,2020-09-30,104575.03,104575.03,0.0,0.0,103.0
2020-09,cluster_only_3sl,1.0,2020-09-01,99963.86,100000.0,36.14,0.000361,-36.14
2020-09,cluster_only_3sl,1.0,2020-09-02,100714.01,100714.01,0.0,0.0,750.15
2020-09,cluster_only_3sl,1.0,2020-09-03,101751.3,101751.3,0.0,0.0,1037.29
2020-09,cluster_only_3sl,1.0,2020-09-04,101620.93,101751.3,130.38,0.001304,-130.38
2020-09,cluster_only_3sl,1.0,2020-09-08,101659.86,101751.3,91.44,0.000914,38.93
2020-09,cluster_only_3sl,1.0,2020-09-09,102204.6,102204.6,0.0,0.0,544.74
2020-09,cluster_only_3sl,1.0,2020-09-10,102871.8,102871.8,0.0,0.0,667.2
2020-09,cluster_only_3sl,1.0,2020-09-11,103653.88,103653.88,0.0,0.0,782.07
2020-09,cluster_only_3sl,1.0,2020-09-15,103827.94,103827.94,0.0,0.0,174.07
2020-09,cluster_only_3sl,1.0,2020-09-16,103945.48,103945.48,0.0,0.0,117.54
2020-09,cluster_only_3sl,1.0,2020-09-17,104709.22,104709.22,0.0,0.0,763.74
2020-09,cluster_only_3sl,1.0,2020-09-18,104841.28,104841.28,0.0,0.0,132.06
2020-09,cluster_only_3sl,1.0,2020-09-22,105435.02,105435.02,0.0,0.0,593.73
2020-09,cluster_only_3sl,1.0,2020-09-23,105933.81,105933.81,0.0,0.0,498.8
2020-09,cluster_only_3sl,1.0,2020-09-24,106437.45,106437.45,0.0,0.0,503.64
2020-09,cluster_only_3sl,1.0,2020-09-25,107020.43,107020.43,0.0,0.0,582.98
2020-09,cluster_only_3sl,1.0,2020-09-29,107453.38,107453.38,0.0,0.0,432.95
2020-09,cluster_only_3sl,1.0,2020-09-30,107625.05,107625.05,0.0,0.0,171.67
2020-09,guardrails_completos,0.6,2020-09-01,99978.32,100000.0,21.68,0.000217,-21.68
2020-09,guardrails_completos,0.6,2020-09-02,100428.41,100428.41,0.0,0.0,450.09
2020-09,guardrails_completos,0.6,2020-09-03,101050.78,101050.78,0.0,0.0,622.38
2020-09,guardrails_completos,0.6,2020-09-04,100972.56,101050.78,78.23,0.000782,-78.23
2020-09,guardrails_completos,0.6,2020-09-08,100995.92,101050.78,54.87,0.000549,23.36
2020-09,guardrails_completos,0.6,2020-09-09,101322.76,101322.76,0.0,0.0,326.84
2020-09,guardrails_completos,0.6,2020-09-10,101723.08,101723.08,0.0,0.0,400.32
2020-09,guardrails_completos,0.6,2020-09-11,102118.55,102118.55,0.0,0.0,395.47
2020-09,guardrails_completos,0.6,2020-09-15,102222.99,102222.99,0.0,0.0,104.44
2020-09,guardrails_completos,0.6,2020-09-16,102293.51,102293.51,0.0,0.0,70.52
2020-09,guardrails_completos,0.6,2020-09-17,102751.76,102751.76,0.0,0.0,458.24
2020-09,guardrails_completos,0.6,2020-09-18,102722.89,102751.76,28.87,0.000289,-28.87
2020-09,guardrails_completos,0.6,2020-09-22,102873.62,102873.62,0.0,0.0,150.73
2020-09,guardrails_completos,0.6,2020-09-23,103172.89,103172.89,0.0,0.0,299.28
2020-09,guardrails_completos,0.6,2020-09-24,103475.08,103475.08,0.0,0.0,302.18
2020-09,guardrails_completos,0.6,2020-09-25,103622.13,103622.13,0.0,0.0,147.05
2020-09,guardrails_completos,0.6,2020-09-29,103881.9,103881.9,0.0,0.0,259.77
2020-09,guardrails_completos,0.6,2020-09-30,103984.9,103984.9,0.0,0.0,103.0
2020-09,guardrails_completos,1.0,2020-09-01,99963.86,100000.0,36.14,0.000361,-36.14
2020-09,guardrails_completos,1.0,2020-09-02,100714.01,100714.01,0.0,0.0,750.15
2020-09,guardrails_completos,1.0,2020-09-03,101751.3,101751.3,0.0,0.0,1037.29
2020-09,guardrails_completos,1.0,2020-09-04,101620.93,101751.3,130.38,0.001304,-130.38
2020-09,guardrails_completos,1.0,2020-09-08,101659.86,101751.3,91.44,0.000914,38.93
2020-09,guardrails_completos,1.0,2020-09-09,102204.6,102204.6,0.0,0.0,544.74
2020-09,guardrails_completos,1.0,2020-09-10,102871.8,102871.8,0.0,0.0,667.2
2020-09,guardrails_completos,1.0,2020-09-11,103530.91,103530.91,0.0,0.0,659.11
2020-09,guardrails_completos,1.0,2020-09-15,103704.98,103704.98,0.0,0.0,174.07
2020-09,guardrails_completos,1.0,2020-09-16,103822.52,103822.52,0.0,0.0,117.54
2020-09,guardrails_completos,1.0,2020-09-17,104586.26,104586.26,0.0,0.0,763.74
2020-09,guardrails_completos,1.0,2020-09-18,104538.15,104586.26,48.12,0.000481,-48.12
2020-09,guardrails_completos,1.0,2020-09-22,104789.36,104789.36,0.0,0.0,251.21
2020-09,guardrails_completos,1.0,2020-09-23,105288.16,105288.16,0.0,0.0,498.8
2020-09,guardrails_completos,1.0,2020-09-24,105791.8,105791.8,0.0,0.0,503.64
2020-09,guardrails_completos,1.0,2020-09-25,106036.88,106036.88,0.0,0.0,245.09
2020-09,guardrails_completos,1.0,2020-09-29,106469.84,106469.84,0.0,0.0,432.95
2020-09,guardrails_completos,1.0,2020-09-30,106641.51,106641.51,0.0,0.0,171.67
2021-08,baseline,0.6,2021-08-03,99919.41,100000.0,80.59,0.000806,-80.59
2021-08,baseline,0.6,2021-08-04,100232.0,100232.0,0.0,0.0,312.59
2021-08,baseline,0.6,2021-08-05,100364.2,100364.2,0.0,0.0,132.2
2021-08,baseline,0.6,2021-08-06,100735.86,100735.86,0.0,0.0,371.66
2021-08,baseline,0.6,2021-08-11,100836.47,100836.47,0.0,0.0,100.61
2021-08,baseline,0.6,2021-08-13,101191.41,101191.41,0.0,0.0,354.94
2021-08,baseline,0.6,2021-08-17,101268.24,101268.24,0.0,0.0,76.83
2021-08,baseline,0.6,2021-08-18,101248.89,101268.24,19.35,0.000194,-19.35
2021-08,baseline,0.6,2021-08-19,101376.62,101376.62,0.0,0.0,127.73
2021-08,baseline,0.6,2021-08-20,101532.4,101532.4,0.0,0.0,155.77
2021-08,baseline,0.6,2021-08-24,101535.77,101535.77,0.0,0.0,3.37
2021-08,baseline,0.6,2021-08-25,101638.09,101638.09,0.0,0.0,102.33
2021-08,baseline,0.6,2021-08-26,101669.29,101669.29,0.0,0.0,31.2
2021-08,baseline,0.6,2021-08-27,101612.73,101669.29,56.56,0.000566,-56.56
2021-08,baseline,0.6,2021-08-31,101711.78,101711.78,0.0,0.0,99.05
2021-08,baseline,1.0,2021-08-03,99865.68,100000.0,134.32,0.001343,-134.32
2021-08,baseline,1.0,2021-08-04,100386.67,100386.67,0.0,0.0,520.99
2021-08,baseline,1.0,2021-08-05,100607.0,100607.0,0.0,0.0,220.33
2021-08,baseline,1.0,2021-08-06,101226.44,101226.44,0.0,0.0,619.44
2021-08,baseline,1.0,2021-08-11,101394.12,101394.12,0.0,0.0,167.68
2021-08,baseline,1.0,2021-08-13,101985.69,101985.69,0.0,0.0,591.57
2021-08,baseline,1.0,2021-08-17,102113.74,102113.74,0.0,0.0,128.05
2021-08,baseline,1.0,2021-08-18,102081.49,102113.74,32.25,0.000323,-32.25
2021-08,baseline,1.0,2021-08-19,102294.37,102294.37,0.0,0.0,212.89
2021-08,baseline,1.0,2021-08-20,102554.0,102554.0,0.0,0.0,259.62
2021-08,baseline,1.0,2021-08-24,102559.62,102559.62,0.0,0.0,5.62
2021-08,baseline,1.0,2021-08-25,102730.16,102730.16,0.0,0.0,170.54
2021-08,baseline,1.0,2021-08-26,102782.15,102782.15,0.0,0.0,51.99
2021-08,baseline,1.0,2021-08-27,102687.88,102782.15,94.27,0.000943,-94.27
2021-08,baseline,1.0,2021-08-31,102852.96,102852.96,0.0,0.0,165.08
2021-08,cluster_only_3sl,0.6,2021-08-03,99919.41,100000.0,80.59,0.000806,-80.59
2021-08,cluster_only_3sl,0.6,2021-08-04,100232.0,100232.0,0.0,0.0,312.59
2021-08,cluster_only_3sl,0.6,2021-08-05,100364.2,100364.2,0.0,0.0,132.2
2021-08,cluster_only_3sl,0.6,2021-08-06,100735.86,100735.86,0.0,0.0,371.66
2021-08,cluster_only_3sl,0.6,2021-08-11,100836.47,100836.47,0.0,0.0,100.61
2021-08,cluster_only_3sl,0.6,2021-08-13,101191.41,101191.41,0.0,0.0,354.94
2021-08,cluster_only_3sl,0.6,2021-08-17,101268.24,101268.24,0.0,0.0,76.83
2021-08,cluster_only_3sl,0.6,2021-08-18,101248.89,101268.24,19.35,0.000194,-19.35
2021-08,cluster_only_3sl,0.6,2021-08-19,101376.62,101376.62,0.0,0.0,127.73
2021-08,cluster_only_3sl,0.6,2021-08-20,101532.4,101532.4,0.0,0.0,155.77
2021-08,cluster_only_3sl,0.6,2021-08-24,101535.77,101535.77,0.0,0.0,3.37
2021-08,cluster_only_3sl,0.6,2021-08-25,101638.09,101638.09,0.0,0.0,102.33
2021-08,cluster_only_3sl,0.6,2021-08-26,101669.29,101669.29,0.0,0.0,31.2
2021-08,cluster_only_3sl,0.6,2021-08-27,101612.73,101669.29,56.56,0.000566,-56.56
2021-08,cluster_only_3sl,0.6,2021-08-31,101711.78,101711.78,0.0,0.0,99.05
2021-08,cluster_only_3sl,1.0,2021-08-03,99865.68,100000.0,134.32,0.001343,-134.32
2021-08,cluster_only_3sl,1.0,2021-08-04,100386.67,100386.67,0.0,0.0,520.99
2021-08,cluster_only_3sl,1.0,2021-08-05,100607.0,100607.0,0.0,0.0,220.33
2021-08,cluster_only_3sl,1.0,2021-08-06,101226.44,101226.44,0.0,0.0,619.44
2021-08,cluster_only_3sl,1.0,2021-08-11,101394.12,101394.12,0.0,0.0,167.68
2021-08,cluster_only_3sl,1.0,2021-08-13,101985.69,101985.69,0.0,0.0,591.57
2021-08,cluster_only_3sl,1.0,2021-08-17,102113.74,102113.74,0.0,0.0,128.05
2021-08,cluster_only_3sl,1.0,2021-08-18,102081.49,102113.74,32.25,0.000323,-32.25
2021-08,cluster_only_3sl,1.0,2021-08-19,102294.37,102294.37,0.0,0.0,212.89
2021-08,cluster_only_3sl,1.0,2021-08-20,102554.0,102554.0,0.0,0.0,259.62
2021-08,cluster_only_3sl,1.0,2021-08-24,102559.62,102559.62,0.0,0.0,5.62
2021-08,cluster_only_3sl,1.0,2021-08-25,102730.16,102730.16,0.0,0.0,170.54
2021-08,cluster_only_3sl,1.0,2021-08-26,102782.15,102782.15,0.0,0.0,51.99
2021-08,cluster_only_3sl,1.0,2021-08-27,102687.88,102782.15,94.27,0.000943,-94.27
2021-08,cluster_only_3sl,1.0,2021-08-31,102852.96,102852.96,0.0,0.0,165.08
2021-08,guardrails_completos,0.6,2021-08-03,99919.41,100000.0,80.59,0.000806,-80.59
2021-08,guardrails_completos,0.6,2021-08-04,100232.0,100232.0,0.0,0.0,312.59
2021-08,guardrails_completos,0.6,2021-08-05,100364.2,100364.2,0.0,0.0,132.2
2021-08,guardrails_completos,0.6,2021-08-06,100735.86,100735.86,0.0,0.0,371.66
2021-08,guardrails_completos,0.6,2021-08-11,100836.47,100836.47,0.0,0.0,100.61
2021-08,guardrails_completos,0.6,2021-08-13,100990.11,100990.11,0.0,0.0,153.64
2021-08,guardrails_completos,0.6,2021-08-17,101066.94,101066.94,0.0,0.0,76.83
2021-08,guardrails_completos,0.6,2021-08-18,101047.59,101066.94,19.35,0.000194,-19.35
2021-08,guardrails_completos,0.6,2021-08-19,101175.32,101175.32,0.0,0.0,127.73
2021-08,guardrails_completos,0.6,2021-08-20,101122.08,101175.32,53.24,0.000532,-53.24
2021-08,guardrails_completos,0.6,2021-08-24,101125.45,101175.32,49.87,0.000499,3.37
2021-08,guardrails_completos,0.6,2021-08-25,101227.78,101227.78,0.0,0.0,102.33
2021-08,guardrails_completos,0.6,2021-08-26,101258.97,101258.97,0.0,0.0,31.2
2021-08,guardrails_completos,0.6,2021-08-27,101285.67,101285.67,0.0,0.0,26.7
2021-08,guardrails_completos,0.6,2021-08-31,101384.72,101384.72,0.0,0.0,99.05
2021-08,guardrails_completos,1.0,2021-08-03,99865.68,100000.0,134.32,0.001343,-134.32
2021-08,guardrails_completos,1.0,2021-08-04,100386.67,100386.67,0.0,0.0,520.99
2021-08,guardrails_completos,1.0,2021-08-05,100607.0,100607.0,0.0,0.0,220.33
2021-08,guardrails_completos,1.0,2021-08-06,101226.44,101226.44,0.0,0.0,619.44
2021-08,guardrails_completos,1.0,2021-08-11,101394.12,101394.12,0.0,0.0,167.68
2021-08,guardrails_completos,1.0,2021-08-13,101650.19,101650.19,0.0,0.0,256.07
2021-08,guardrails_completos,1.0,2021-08-17,101778.24,101778.24,0.0,0.0,128.05
2021-08,guardrails_completos,1.0,2021-08-18,101745.99,101778.24,32.25,0.000323,-32.25
2021-08,guardrails_completos,1.0,2021-08-19,101958.87,101958.87,0.0,0.0,212.89
2021-08,guardrails_completos,1.0,2021-08-20,101870.14,101958.87,88.74,0.000887,-88.74
2021-08,guardrails_completos,1.0,2021-08-24,101875.75,101958.87,83.12,0.000831,5.62
2021-08,guardrails_completos,1.0,2021-08-25,102046.3,102046.3,0.0,0.0,170.54
2021-08,guardrails_completos,1.0,2021-08-26,102098.29,102098.29,0.0,0.0,51.99
2021-08,guardrails_completos,1.0,2021-08-27,102142.78,102142.78,0.0,0.0,44.49
2021-08,guardrails_completos,1.0,2021-08-31,102307.86,102307.86,0.0,0.0,165.08
2022-08,baseline,0.6,2022-08-02,100467.52,100467.52,0.0,0.0,467.52
2022-08,baseline,0.6,2022-08-03,101188.07,101188.07,0.0,0.0,720.55
2022-08,baseline,0.6,2022-08-04,101249.27,101249.27,0.0,0.0,61.2
2022-08,baseline,0.6,2022-08-05,101496.3,101496.3,0.0,0.0,247.03
2022-08,baseline,0.6,2022-08-09,101931.08,101931.08,0.0,0.0,434.78
2022-08,baseline,0.6,2022-08-10,101992.36,101992.36,0.0,0.0,61.28
2022-08,baseline,0.6,2022-08-11,102193.24,102193.24,0.0,0.0,200.88
2022-08,baseline,0.6,2022-08-12,102525.14,102525.14,0.0,0.0,331.9
2022-08,baseline,0.6,2022-08-16,102961.53,102961.53,0.0,0.0,436.39
2022-08,baseline,0.6,2022-08-17,103418.63,103418.63,0.0,0.0,457.1
2022-08,baseline,0.6,2022-08-19,103444.67,103444.67,0.0,0.0,26.04
2022-08,baseline,0.6,2022-08-23,103454.6,103454.6,0.0,0.0,9.93
2022-08,baseline,0.6,2022-08-24,103525.26,103525.26,0.0,0.0,70.65
2022-08,baseline,0.6,2022-08-25,103860.54,103860.54,0.0,0.0,335.28
2022-08,baseline,0.6,2022-08-26,104070.27,104070.27,0.0,0.0,209.73
2022-08,baseline,0.6,2022-08-31,104789.27,104789.27,0.0,0.0,719.0
2022-08,baseline,1.0,2022-08-02,100779.2,100779.2,0.0,0.0,779.2
2022-08,baseline,1.0,2022-08-03,101980.12,101980.12,0.0,0.0,1200.91
2022-08,baseline,1.0,2022-08-04,102082.12,102082.12,0.0,0.0,102.0
2022-08,baseline,1.0,2022-08-05,102493.83,102493.83,0.0,0.0,411.71
2022-08,baseline,1.0,2022-08-09,103218.47,103218.47,0.0,0.0,724.63
2022-08,baseline,1.0,2022-08-10,103320.6,103320.6,0.0,0.0,102.13
2022-08,baseline,1.0,2022-08-11,103655.4,103655.4,0.0,0.0,334.8
2022-08,baseline,1.0,2022-08-12,104208.57,104208.57,0.0,0.0,553.17
2022-08,baseline,1.0,2022-08-16,104935.88,104935.88,0.0,0.0,727.31
2022-08,baseline,1.0,2022-08-17,105697.72,105697.72,0.0,0.0,761.84
2022-08,baseline,1.0,2022-08-19,105741.12,105741.12,0.0,0.0,43.4
2022-08,baseline,1.0,2022-08-23,105757.67,105757.67,0.0,0.0,16.56
2022-08,baseline,1.0,2022-08-24,105875.43,105875.43,0.0,0.0,117.75
2022-08,baseline,1.0,2022-08-25,106434.23,106434.23,0.0,0.0,558.8
2022-08,baseline,1.0,2022-08-26,106783.78,106783.78,0.0,0.0,349.55
2022-08,baseline,1.0,2022-08-31,107982.11,107982.11,0.0,0.0,1198.33
2022-08,cluster_only_3sl,0.6,2022-08-02,100467.52,100467.52,0.0,0.0,467.52
2022-08,cluster_only_3sl,0.6,2022-08-03,101188.07,101188.07,0.0,0.0,720.55
2022-08,cluster_only_3sl,0.6,2022-08-04,101249.27,101249.27,0.0,0.0,61.2
2022-08,cluster_only_3sl,0.6,2022-08-05,101496.3,101496.3,0.0,0.0,247.03
2022-08,cluster_only_3sl,0.6,2022-08-09,101931.08,101931.08,0.0,0.0,434.78
2022-08,cluster_only_3sl,0.6,2022-08-10,101992.36,101992.36,0.0,0.0,61.28
2022-08,cluster_only_3sl,0.6,2022-08-11,102193.24,102193.24,0.0,0.0,200.88
2022-08,cluster_only_3sl,0.6,2022-08-12,102525.14,102525.14,0.0,0.0,331.9
2022-08,cluster_only_3sl,0.6,2022-08-16,102961.53,102961.53,0.0,0.0,436.39
2022-08,cluster_only_3sl,0.6,2022-08-17,103418.63,103418.63,0.0,0.0,457.1
2022-08,cluster_only_3sl,0.6,2022-08-19,103444.67,103444.67,0.0,0.0,26.04
2022-08,cluster_only_3sl,0.6,2022-08-23,103348.27,103444.67,96.4,0.000964,-96.4
2022-08,cluster_only_3sl,0.6,2022-08-24,103384.07,103444.67,60.6,0.000606,35.8
2022-08,cluster_only_3sl,0.6,2022-08-25,103719.35,103719.35,0.0,0.0,335.28
2022-08,cluster_only_3sl,0.6,2022-08-26,103929.08,103929.08,0.0,0.0,209.73
2022-08,cluster_only_3sl,0.6,2022-08-31,104648.08,104648.08,0.0,0.0,719.0
2022-08,cluster_only_3sl,1.0,2022-08-02,100779.2,100779.2,0.0,0.0,779.2
2022-08,cluster_only_3sl,1.0,2022-08-03,101980.12,101980.12,0.0,0.0,1200.91
2022-08,cluster_only_3sl,1.0,2022-08-04,102082.12,102082.12,0.0,0.0,102.0
2022-08,cluster_only_3sl,1.0,2022-08-05,102493.83,102493.83,0.0,0.0,411.71
2022-08,cluster_only_3sl,1.0,2022-08-09,103218.47,103218.47,0.0,0.0,724.63
2022-08,cluster_only_3sl,1.0,2022-08-10,103320.6,103320.6,0.0,0.0,102.13
2022-08,cluster_only_3sl,1.0,2022-08-11,103655.4,103655.4,0.0,0.0,334.8
2022-08,cluster_only_3sl,1.0,2022-08-12,104208.57,104208.57,0.0,0.0,553.17
2022-08,cluster_only_3sl,1.0,2022-08-16,104935.88,104935.88,0.0,0.0,727.31
2022-08,cluster_only_3sl,1.0,2022-08-17,105697.72,105697.72,0.0,0.0,761.84
2022-08,cluster_only_3sl,1.0,2022-08-19,105741.12,105741.12,0.0,0.0,43.4
2022-08,cluster_only_3sl,1.0,2022-08-23,105580.45,105741.12,160.66,0.001607,-160.66
2022-08,cluster_only_3sl,1.0,2022-08-24,105640.12,105741.12,101.0,0.00101,59.67
2022-08,cluster_only_3sl,1.0,2022-08-25,106198.92,106198.92,0.0,0.0,558.8
2022-08,cluster_only_3sl,1.0,2022-08-26,106548.47,106548.47,0.0,0.0,349.55
2022-08,cluster_only_3sl,1.0,2022-08-31,107746.8,107746.8,0.0,0.0,1198.33
2022-08,guardrails_completos,0.6,2022-08-02,100364.81,100364.81,0.0,0.0,364.81
2022-08,guardrails_completos,0.6,2022-08-03,101085.36,101085.36,0.0,0.0,720.55
2022-08,guardrails_completos,0.6,2022-08-04,101146.56,101146.56,0.0,0.0,61.2
2022-08,guardrails_completos,0.6,2022-08-05,101393.59,101393.59,0.0,0.0,247.03
2022-08,guardrails_completos,0.6,2022-08-09,101828.37,101828.37,0.0,0.0,434.78
2022-08,guardrails_completos,0.6,2022-08-10,101889.65,101889.65,0.0,0.0,61.28
2022-08,guardrails_completos,0.6,2022-08-11,102090.53,102090.53,0.0,0.0,200.88
2022-08,guardrails_completos,0.6,2022-08-12,102224.76,102224.76,0.0,0.0,134.23
2022-08,guardrails_completos,0.6,2022-08-16,102661.15,102661.15,0.0,0.0,436.39
2022-08,guardrails_completos,0.6,2022-08-17,103118.25,103118.25,0.0,0.0,457.1
2022-08,guardrails_completos,0.6,2022-08-19,103043.74,103118.25,74.51,0.000745,-74.51
2022-08,guardrails_completos,0.6,2022-08-23,103023.85,103118.25,94.4,0.000944,-19.89
2022-08,guardrails_completos,0.6,2022-08-24,103140.52,103140.52,0.0,0.0,116.67
2022-08,guardrails_completos,0.6,2022-08-25,103475.8,103475.8,0.0,0.0,335.28
2022-08,guardrails_completos,0.6,2022-08-26,103685.53,103685.53,0.0,0.0,209.73
2022-08,guardrails_completos,0.6,2022-08-31,104404.53,104404.53,0.0,0.0,719.0
2022-08,guardrails_completos,1.0,2022-08-02,100608.01,100608.01,0.0,0.0,608.01
2022-08,guardrails_completos,1.0,2022-08-03,101808.93,101808.93,0.0,0.0,1200.91
2022-08,guardrails_completos,1.0,2022-08-04,101910.93,101910.93,0.0,0.0,102.0
2022-08,guardrails_completos,1.0,2022-08-05,102322.65,102322.65,0.0,0.0,411.71
2022-08,guardrails_completos,1.0,2022-08-09,103047.28,103047.28,0.0,0.0,724.63
2022-08,guardrails_completos,1.0,2022-08-10,103149.42,103149.42,0.0,0.0,102.13
2022-08,guardrails_completos,1.0,2022-08-11,103484.21,103484.21,0.0,0.0,334.8
2022-08,guardrails_completos,1.0,2022-08-12,103707.93,103707.93,0.0,0.0,223.72
2022-08,guardrails_completos,1.0,2022-08-16,104435.24,104435.24,0.0,0.0,727.31
2022-08,guardrails_completos,1.0,2022-08-17,105197.08,105197.08,0.0,0.0,761.84
2022-08,guardrails_completos,1.0,2022-08-19,105072.89,105197.08,124.18,0.001242,-124.18
2022-08,guardrails_completos,1.0,2022-08-23,105039.74,105197.08,157.33,0.001573,-33.15
2022-08,guardrails_completos,1.0,2022-08-24,105234.2,105234.2,0.0,0.0,194.45
2022-08,guardrails_completos,1.0,2022-08-25,105793.0,105793.0,0.0,0.0,558.8
2022-08,guardrails_completos,1.0,2022-08-26,106142.55,106142.55,0.0,0.0,349.55
2022-08,guardrails_completos,1.0,2022-08-31,107340.88,107340.88,0.0,0.0,1198.33
2024-06,baseline,0.6,2024-06-05,100106.8,100106.8,0.0,0.0,106.8
2024-06,baseline,0.6,2024-06-13,99947.03,100106.8,159.77,0.001598,-159.77
2024-06,baseline,0.6,2024-06-14,100048.25,100106.8,58.55,0.000585,101.22
2024-06,baseline,0.6,2024-06-19,100036.63,100106.8,70.17,0.000702,-11.62
2024-06,baseline,0.6,2024-06-20,100136.69,100136.69,0.0,0.0,100.07
2024-06,baseline,0.6,2024-06-21,100141.34,100141.34,0.0,0.0,4.65
2024-06,baseline,0.6,2024-06-27,100275.1,100275.1,0.0,0.0,133.76
2024-06,baseline,0.6,2024-06-28,100483.95,100483.95,0.0,0.0,208.85
2024-06,baseline,1.0,2024-06-05,100177.99,100177.99,0.0,0.0,177.99
2024-06,baseline,1.0,2024-06-13,99911.71,100177.99,266.28,0.002663,-266.28
2024-06,baseline,1.0,2024-06-14,100080.41,100177.99,97.58,0.000976,168.7
2024-06,baseline,1.0,2024-06-19,100061.04,100177.99,116.95,0.00117,-19.37
2024-06,baseline,1.0,2024-06-20,100227.82,100227.82,0.0,0.0,166.78
2024-06,baseline,1.0,2024-06-21,100235.57,100235.57,0.0,0.0,7.75
2024-06,baseline,1.0,2024-06-27,100458.51,100458.51,0.0,0.0,222.93
2024-06,baseline,1.0,2024-06-28,100806.59,100806.59,0.0,0.0,348.08
2024-06,cluster_only_3sl,0.6,2024-06-05,100106.8,100106.8,0.0,0.0,106.8
2024-06,cluster_only_3sl,0.6,2024-06-13,99947.03,100106.8,159.77,0.001598,-159.77
2024-06,cluster_only_3sl,0.6,2024-06-14,100048.25,100106.8,58.55,0.000585,101.22
2024-06,cluster_only_3sl,0.6,2024-06-19,100036.63,100106.8,70.17,0.000702,-11.62
2024-06,cluster_only_3sl,0.6,2024-06-20,100136.69,100136.69,0.0,0.0,100.07
2024-06,cluster_only_3sl,0.6,2024-06-21,100141.34,100141.34,0.0,0.0,4.65
2024-06,cluster_only_3sl,0.6,2024-06-27,100275.1,100275.1,0.0,0.0,133.76
2024-06,cluster_only_3sl,0.6,2024-06-28,100483.95,100483.95,0.0,0.0,208.85
2024-06,cluster_only_3sl,1.0,2024-06-05,100177.99,100177.99,0.0,0.0,177.99
2024-06,cluster_only_3sl,1.0,2024-06-13,99911.71,100177.99,266.28,0.002663,-266.28
2024-06,cluster_only_3sl,1.0,2024-06-14,100080.41,100177.99,97.58,0.000976,168.7
2024-06,cluster_only_3sl,1.0,2024-06-19,100061.04,100177.99,116.95,0.00117,-19.37
2024-06,cluster_only_3sl,1.0,2024-06-20,100227.82,100227.82,0.0,0.0,166.78
2024-06,cluster_only_3sl,1.0,2024-06-21,100235.57,100235.57,0.0,0.0,7.75
2024-06,cluster_only_3sl,1.0,2024-06-27,100458.51,100458.51,0.0,0.0,222.93
2024-06,cluster_only_3sl,1.0,2024-06-28,100806.59,100806.59,0.0,0.0,348.08
2024-06,guardrails_completos,0.6,2024-06-05,100106.8,100106.8,0.0,0.0,106.8
2024-06,guardrails_completos,0.6,2024-06-13,99947.03,100106.8,159.77,0.001598,-159.77
2024-06,guardrails_completos,0.6,2024-06-14,100048.25,100106.8,58.55,0.000585,101.22
2024-06,guardrails_completos,0.6,2024-06-19,100036.63,100106.8,70.17,0.000702,-11.62
2024-06,guardrails_completos,0.6,2024-06-20,100136.69,100136.69,0.0,0.0,100.07
2024-06,guardrails_completos,0.6,2024-06-21,100141.34,100141.34,0.0,0.0,4.65
2024-06,guardrails_completos,0.6,2024-06-27,100275.1,100275.1,0.0,0.0,133.76
2024-06,guardrails_completos,0.6,2024-06-28,100483.95,100483.95,0.0,0.0,208.85
2024-06,guardrails_completos,1.0,2024-06-05,100177.99,100177.99,0.0,0.0,177.99
2024-06,guardrails_completos,1.0,2024-06-13,99911.71,100177.99,266.28,0.002663,-266.28
2024-06,guardrails_completos,1.0,2024-06-14,100080.41,100177.99,97.58,0.000976,168.7
2024-06,guardrails_completos,1.0,2024-06-19,100061.04,100177.99,116.95,0.00117,-19.37
2024-06,guardrails_completos,1.0,2024-06-20,100227.82,100227.82,0.0,0.0,166.78
2024-06,guardrails_completos,1.0,2024-06-21,100235.57,100235.57,0.0,0.0,7.75
2024-06,guardrails_completos,1.0,2024-06-27,100458.51,100458.51,0.0,0.0,222.93
2024-06,guardrails_completos,1.0,2024-06-28,100806.59,100806.59,0.0,0.0,348.08
2024-10,baseline,0.6,2024-10-02,99999.48,100000.0,0.52,5e-06,-0.52
2024-10,baseline,0.6,2024-10-03,100122.98,100122.98,0.0,0.0,123.5
2024-10,baseline,0.6,2024-10-04,100103.08,100122.98,19.9,0.000199,-19.9
2024-10,baseline,0.6,2024-10-08,100116.41,100122.98,6.57,6.6e-05,13.33
2024-10,baseline,0.6,2024-10-09,100246.5,100246.5,0.0,0.0,130.1
2024-10,baseline,0.6,2024-10-10,100263.77,100263.77,0.0,0.0,17.27
2024-10,baseline,0.6,2024-10-15,100262.08,100263.77,1.69,1.7e-05,-1.69
2024-10,baseline,0.6,2024-10-17,100380.22,100380.22,0.0,0.0,118.14
2024-10,baseline,0.6,2024-10-22,100536.35,100536.35,0.0,0.0,156.13
2024-10,baseline,0.6,2024-10-23,100543.34,100543.34,0.0,0.0,6.99
2024-10,baseline,0.6,2024-10-24,100652.08,100652.08,0.0,0.0,108.74
2024-10,baseline,0.6,2024-10-25,100563.07,100652.08,89.01,0.00089,-89.01
2024-10,baseline,0.6,2024-10-29,100588.49,100652.08,63.58,0.000636,25.43
2024-10,baseline,0.6,2024-10-30,100609.75,100652.08,42.33,0.000423,21.26
2024-10,baseline,0.6,2024-10-31,100833.78,100833.78,0.0,0.0,224.03
2024-10,baseline,1.0,2024-10-02,99999.14,100000.0,0.86,9e-06,-0.86
2024-10,baseline,1.0,2024-10-03,100204.97,100204.97,0.0,0.0,205.83
2024-10,baseline,1.0,2024-10-04,100171.79,100204.97,33.17,0.000332,-33.17
2024-10,baseline,1.0,2024-10-08,100194.01,100204.97,10.96,0.00011,22.22
2024-10,baseline,1.0,2024-10-09,100410.84,100410.84,0.0,0.0,216.83
2024-10,baseline,1.0,2024-10-10,100439.62,100439.62,0.0,0.0,28.79
2024-10,baseline,1.0,2024-10-15,100436.8,100439.62,2.82,2.8e-05,-2.82
2024-10,baseline,1.0,2024-10-17,100633.7,100633.7,0.0,0.0,196.9
2024-10,baseline,1.0,2024-10-22,100893.92,100893.92,0.0,0.0,260.22
2024-10,baseline,1.0,2024-10-23,100905.56,100905.56,0.0,0.0,11.64
2024-10,baseline,1.0,2024-10-24,101086.79,101086.79,0.0,0.0,181.23
2024-10,baseline,1.0,2024-10-25,100938.44,101086.79,148.35,0.001484,-148.35
2024-10,baseline,1.0,2024-10-29,100980.82,101086.79,105.97,0.00106,42.38
2024-10,baseline,1.0,2024-10-30,101016.25,101086.79,70.55,0.000705,35.43
2024-10,baseline,1.0,2024-10-31,101389.64,101389.64,0.0,0.0,373.39
2024-10,cluster_only_3sl,0.6,2024-10-02,99999.48,100000.0,0.52,5e-06,-0.52
2024-10,cluster_only_3sl,0.6,2024-10-03,100122.98,100122.98,0.0,0.0,123.5
2024-10,cluster_only_3sl,0.6,2024-10-04,100103.08,100122.98,19.9,0.000199,-19.9
2024-10,cluster_only_3sl,0.6,2024-10-08,100116.41,100122.98,6.57,6.6e-05,13.33
2024-10,cluster_only_3sl,0.6,2024-10-09,100246.5,100246.5,0.0,0.0,130.1
2024-10,cluster_only_3sl,0.6,2024-10-10,100263.77,100263.77,0.0,0.0,17.27
2024-10,cluster_only_3sl,0.6,2024-10-15,100262.08,100263.77,1.69,1.7e-05,-1.69
2024-10,cluster_only_3sl,0.6,2024-10-17,100380.22,100380.22,0.0,0.0,118.14
2024-10,cluster_only_3sl,0.6,2024-10-22,100536.35,100536.35,0.0,0.0,156.13
2024-10,cluster_only_3sl,0.6,2024-10-23,100543.34,100543.34,0.0,0.0,6.99
2024-10,cluster_only_3sl,0.6,2024-10-24,100652.08,100652.08,0.0,0.0,108.74
2024-10,cluster_only_3sl,0.6,2024-10-25,100563.07,100652.08,89.01,0.00089,-89.01
2024-10,cluster_only_3sl,0.6,2024-10-29,100588.49,100652.08,63.58,0.000636,25.43
2024-10,cluster_only_3sl,0.6,2024-10-30,100609.75,100652.08,42.33,0.000423,21.26
2024-10,cluster_only_3sl,0.6,2024-10-31,100833.78,100833.78,0.0,0.0,224.03
2024-10,cluster_only_3sl,1.0,2024-10-02,99999.14,100000.0,0.86,9e-06,-0.86
2024-10,cluster_only_3sl,1.0,2024-10-03,100204.97,100204.97,0.0,0.0,205.83
2024-10,cluster_only_3sl,1.0,2024-10-04,100171.79,100204.97,33.17,0.000332,-33.17
2024-10,cluster_only_3sl,1.0,2024-10-08,100194.01,100204.97,10.96,0.00011,22.22
2024-10,cluster_only_3sl,1.0,2024-10-09,100410.84,100410.84,0.0,0.0,216.83
2024-10,cluster_only_3sl,1.0,2024-10-10,100439.62,100439.62,0.0,0.0,28.79
2024-10,cluster_only_3sl,1.0,2024-10-15,100436.8,100439.62,2.82,2.8e-05,-2.82
2024-10,cluster_only_3sl,1.0,2024-10-17,100633.7,100633.7,0.0,0.0,196.9
2024-10,cluster_only_3sl,1.0,2024-10-22,100893.92,100893.92,0.0,0.0,260.22
2024-10,cluster_only_3sl,1.0,2024-10-23,100905.56,100905.56,0.0,0.0,11.64
2024-10,cluster_only_3sl,1.0,2024-10-24,101086.79,101086.79,0.0,0.0,181.23
2024-10,cluster_only_3sl,1.0,2024-10-25,100938.44,101086.79,148.35,0.001484,-148.35
2024-10,cluster_only_3sl,1.0,2024-10-29,100980.82,101086.79,105.97,0.00106,42.38
2024-10,cluster_only_3sl,1.0,2024-10-30,101016.25,101086.79,70.55,0.000705,35.43
2024-10,cluster_only_3sl,1.0,2024-10-31,101389.64,101389.64,0.0,0.0,373.39
2024-10,guardrails_completos,0.6,2024-10-02,99999.48,100000.0,0.52,5e-06,-0.52
2024-10,guardrails_completos,0.6,2024-10-03,100122.98,100122.98,0.0,0.0,123.5
2024-10,guardrails_completos,0.6,2024-10-04,100103.08,100122.98,19.9,0.000199,-19.9
2024-10,guardrails_completos,0.6,2024-10-08,100116.41,100122.98,6.57,6.6e-05,13.33
2024-10,guardrails_completos,0.6,2024-10-09,100246.5,100246.5,0.0,0.0,130.1
2024-10,guardrails_completos,0.6,2024-10-10,100263.77,100263.77,0.0,0.0,17.27
2024-10,guardrails_completos,0.6,2024-10-15,100262.08,100263.77,1.69,1.7e-05,-1.69
2024-10,guardrails_completos,0.6,2024-10-17,100380.22,100380.22,0.0,0.0,118.14
2024-10,guardrails_completos,0.6,2024-10-22,100536.35,100536.35,0.0,0.0,156.13
2024-10,guardrails_completos,0.6,2024-10-23,100543.34,100543.34,0.0,0.0,6.99
2024-10,guardrails_completos,0.6,2024-10-24,100652.08,100652.08,0.0,0.0,108.74
2024-10,guardrails_completos,0.6,2024-10-25,100640.85,100652.08,11.23,0.000112,-11.23
2024-10,guardrails_completos,0.6,2024-10-29,100666.27,100666.27,0.0,0.0,25.43
2024-10,guardrails_completos,0.6,2024-10-30,100687.53,100687.53,0.0,0.0,21.26
2024-10,guardrails_completos,0.6,2024-10-31,100911.56,100911.56,0.0,0.0,224.03
2024-10,guardrails_completos,1.0,2024-10-02,99999.14,100000.0,0.86,9e-06,-0.86
2024-10,guardrails_completos,1.0,2024-10-03,100204.97,100204.97,0.0,0.0,205.83
2024-10,guardrails_completos,1.0,2024-10-04,100171.79,100204.97,33.17,0.000332,-33.17
2024-10,guardrails_completos,1.0,2024-10-08,100194.01,100204.97,10.96,0.00011,22.22
2024-10,guardrails_completos,1.0,2024-10-09,100410.84,100410.84,0.0,0.0,216.83
2024-10,guardrails_completos,1.0,2024-10-10,100439.62,100439.62,0.0,0.0,28.79
2024-10,guardrails_completos,1.0,2024-10-15,100436.8,100439.62,2.82,2.8e-05,-2.82
2024-10,guardrails_completos,1.0,2024-10-17,100633.7,100633.7,0.0,0.0,196.9
2024-10,guardrails_completos,1.0,2024-10-22,100893.92,100893.92,0.0,0.0,260.22
2024-10,guardrails_completos,1.0,2024-10-23,100905.56,100905.56,0.0,0.0,11.64
2024-10,guardrails_completos,1.0,2024-10-24,101086.79,101086.79,0.0,0.0,181.23
2024-10,guardrails_completos,1.0,2024-10-25,101068.08,101086.79,18.72,0.000187,-18.72
2024-10,guardrails_completos,1.0,2024-10-29,101110.45,101110.45,0.0,0.0,42.38
2024-10,guardrails_completos,1.0,2024-10-30,101145.88,101145.88,0.0,0.0,35.43
2024-10,guardrails_completos,1.0,2024-10-31,101519.27,101519.27,0.0,0.0,373.39
