month,scenario,lot,date,trades,tp,sl,be,daily_pnl_usd,balance_usd,drawdown_usd,drawdown_pct,distance_daily_limit_usd,distance_total_limit_usd,danger_zone,toxic_cluster_detected,toxic_cluster_reason
2020-03,baseline,1.0,2020-03-03,1,1,0,0,163.74,100163.74,0.0,0.0,4163.74,8163.74,No,False,
2020-03,baseline,1.0,2020-03-04,2,2,0,0,196.31,100360.05,0.0,0.0,4196.31,8360.05,No,False,
2020-03,baseline,1.0,2020-03-05,1,1,0,0,169.79,100529.84,0.0,0.0,4169.79,8529.84,No,False,
2020-03,baseline,1.0,2020-03-10,24,14,10,0,945.3,101475.14,0.0,0.0,4945.3,9475.14,No,False,
2020-03,baseline,1.0,2020-03-11,11,9,2,0,1128.02,102603.16,0.0,0.0,5128.02,10603.16,No,False,
2020-03,baseline,1.0,2020-03-12,20,12,8,0,1029.69,103632.85,0.0,0.0,5029.69,11632.85,No,False,
2020-03,baseline,1.0,2020-03-13,12,8,4,0,866.41,104499.26,0.0,0.0,4866.41,12499.26,No,False,
2020-03,baseline,1.0,2020-03-17,19,13,6,0,1474.46,105973.72,0.0,0.0,5474.46,13973.72,No,False,
2020-03,baseline,1.0,2020-03-18,14,10,4,0,1221.36,107195.08,0.0,0.0,5221.36,15195.08,No,False,
2020-03,baseline,1.0,2020-03-19,30,15,15,0,647.77,107842.85,0.0,0.0,4647.77,15842.85,No,False,
2020-03,baseline,1.0,2020-03-20,26,12,14,0,192.93,108035.78,0.0,0.0,4192.93,16035.78,No,False,
2020-03,baseline,1.0,2020-03-25,1,1,0,0,177.93,108213.71,0.0,0.0,4177.93,16213.71,No,False,
2020-03,baseline,1.0,2020-03-26,8,6,2,0,771.93,108985.64,0.0,0.0,4771.93,16985.64,No,False,
2020-03,baseline,1.0,2020-03-27,11,11,0,0,1894.2,110879.84,0.0,0.0,5894.2,18879.84,No,False,
2020-03,baseline,1.0,2020-03-31,1,1,0,0,165.97,111045.81,0.0,0.0,4165.97,19045.81,No,False,
2020-03,cluster_only_3sl,1.0,2020-03-03,1,1,0,0,163.74,100163.74,0.0,0.0,4163.74,8163.74,No,False,
2020-03,cluster_only_3sl,1.0,2020-03-04,2,2,0,0,196.31,100360.05,0.0,0.0,4196.31,8360.05,No,False,
2020-03,cluster_only_3sl,1.0,2020-03-05,1,1,0,0,169.79,100529.84,0.0,0.0,4169.79,8529.84,No,False,
2020-03,cluster_only_3sl,1.0,2020-03-10,17,8,9,0,111.9,100641.74,0.0,0.0,4111.9,8641.74,No,True,cluster_3_consecutive_sl_safe_mode
2020-03,cluster_only_3sl,1.0,2020-03-11,11,9,2,0,1128.02,101769.76,0.0,0.0,5128.02,9769.76,No,False,
2020-03,cluster_only_3sl,1.0,2020-03-12,20,12,8,0,1029.69,102799.45,0.0,0.0,5029.69,10799.45,No,False,
2020-03,cluster_only_3sl,1.0,2020-03-13,12,8,4,0,866.41,103665.86,0.0,0.0,4866.41,11665.86,No,False,
2020-03,cluster_only_3sl,1.0,2020-03-17,19,13,6,0,1474.46,105140.32,0.0,0.0,5474.46,13140.32,No,False,
2020-03,cluster_only_3sl,1.0,2020-03-18,14,10,4,0,1221.36,106361.68,0.0,0.0,5221.36,14361.68,No,False,
2020-03,cluster_only_3sl,1.0,2020-03-19,21,8,13,0,-294.41,106067.27,294.41,0.002944,3705.59,14067.27,No,True,cluster_3_consecutive_sl_safe_mode
2020-03,cluster_only_3sl,1.0,2020-03-20,19,9,10,0,189.28,106256.56,105.13,0.001051,4189.28,14256.56,No,True,cluster_3_consecutive_sl_safe_mode
2020-03,cluster_only_3sl,1.0,2020-03-25,1,1,0,0,177.93,106434.48,0.0,0.0,4177.93,14434.48,No,False,
2020-03,cluster_only_3sl,1.0,2020-03-26,8,6,2,0,771.93,107206.41,0.0,0.0,4771.93,15206.41,No,False,
2020-03,cluster_only_3sl,1.0,2020-03-27,11,11,0,0,1894.2,109100.61,0.0,0.0,5894.2,17100.61,No,False,
2020-03,cluster_only_3sl,1.0,2020-03-31,1,1,0,0,165.97,109266.58,0.0,0.0,4165.97,17266.58,No,False,
2020-03,guardrails_completos,1.0,2020-03-03,1,1,0,0,163.74,100163.74,0.0,0.0,4163.74,8163.74,No,False,
2020-03,guardrails_completos,1.0,2020-03-04,2,2,0,0,196.31,100360.05,0.0,0.0,4196.31,8360.05,No,False,
2020-03,guardrails_completos,1.0,2020-03-05,1,1,0,0,169.79,100529.84,0.0,0.0,4169.79,8529.84,No,False,
2020-03,guardrails_completos,1.0,2020-03-10,17,11,6,0,988.36,101518.2,0.0,0.0,4988.36,9518.2,No,True,cluster_2_consecutive_sl_block_180m
2020-03,guardrails_completos,1.0,2020-03-11,11,9,2,0,1128.02,102646.22,0.0,0.0,5128.02,10646.22,No,False,
2020-03,guardrails_completos,1.0,2020-03-12,15,9,6,0,770.2,103416.43,0.0,0.0,4770.2,11416.43,No,True,cluster_2_consecutive_sl_block_180m
2020-03,guardrails_completos,1.0,2020-03-13,3,1,2,0,-89.71,103326.72,89.71,0.000897,3910.29,11326.72,No,True,friday_2sl_safe_mode
2020-03,guardrails_completos,1.0,2020-03-17,14,10,4,0,1210.18,104536.9,0.0,0.0,5210.18,12536.9,No,True,cluster_2_consecutive_sl_block_180m
2020-03,guardrails_completos,1.0,2020-03-18,14,10,4,0,1221.36,105758.26,0.0,0.0,5221.36,13758.26,No,False,
2020-03,guardrails_completos,1.0,2020-03-19,9,4,5,0,40.38,105798.64,0.0,0.0,4040.38,13798.64,No,True,cluster_2_consecutive_sl_block_180m
2020-03,guardrails_completos,1.0,2020-03-20,6,4,2,0,400.53,106199.17,0.0,0.0,4400.53,14199.17,No,True,friday_2sl_safe_mode
2020-03,guardrails_completos,1.0,2020-03-25,1,1,0,0,177.93,106377.1,0.0,0.0,4177.93,14377.1,No,False,
2020-03,guardrails_completos,1.0,2020-03-26,8,6,2,0,771.93,107149.03,0.0,0.0,4771.93,15149.03,No,False,
2020-03,guardrails_completos,1.0,2020-03-27,11,11,0,0,1894.2,109043.23,0.0,0.0,5894.2,17043.23,No,False,
2020-03,guardrails_completos,1.0,2020-03-31,1,1,0,0,165.97,109209.2,0.0,0.0,4165.97,17209.2,No,False,
2022-04,baseline,1.0,2022-04-01,1,1,0,0,175.56,100175.56,0.0,0.0,4175.56,8175.56,No,False,
2022-04,baseline,1.0,2022-04-05,5,5,0,0,749.09,100924.65,0.0,0.0,4749.09,8924.65,No,False,
2022-04,baseline,1.0,2022-04-06,1,1,0,0,175.81,101100.46,0.0,0.0,4175.81,9100.46,No,False,
2022-04,baseline,1.0,2022-04-08,3,3,0,0,503.01,101603.47,0.0,0.0,4503.01,9603.47,No,False,
2022-04,baseline,1.0,2022-04-12,1,1,0,0,19.59,101623.07,0.0,0.0,4019.59,9623.07,No,False,
2022-04,baseline,1.0,2022-04-13,3,2,1,0,213.91,101836.97,0.0,0.0,4213.91,9836.97,No,False,
2022-04,baseline,1.0,2022-04-14,4,4,0,0,668.94,102505.91,0.0,0.0,4668.94,10505.91,No,False,
2022-04,baseline,1.0,2022-04-15,2,2,0,0,203.25,102709.16,0.0,0.0,4203.25,10709.16,No,False,
2022-04,baseline,1.0,2022-04-19,4,3,1,0,388.59,103097.75,0.0,0.0,4388.59,11097.75,No,False,
2022-04,baseline,1.0,2022-04-20,4,3,1,0,212.08,103309.84,0.0,0.0,4212.08,11309.84,No,False,
2022-04,baseline,1.0,2022-04-21,11,7,4,0,650.27,103960.11,0.0,0.0,4650.27,11960.11,No,False,
2022-04,baseline,1.0,2022-04-22,8,6,2,0,652.14,104612.25,0.0,0.0,4652.14,12612.25,No,False,
2022-04,baseline,1.0,2022-04-26,7,6,1,0,849.86,105462.11,0.0,0.0,4849.86,13462.11,No,False,
2022-04,baseline,1.0,2022-04-27,13,6,7,0,50.11,105512.22,0.0,0.0,4050.11,13512.22,No,False,
2022-04,baseline,1.0,2022-04-28,12,6,6,0,186.52,105698.74,0.0,0.0,4186.52,13698.74,No,False,
2022-04,baseline,1.0,2022-04-29,15,10,5,0,1024.73,106723.47,0.0,0.0,5024.73,14723.47,No,False,
2022-04,cluster_only_3sl,1.0,2022-04-01,1,1,0,0,175.56,100175.56,0.0,0.0,4175.56,8175.56,No,False,
2022-04,cluster_only_3sl,1.0,2022-04-05,5,5,0,0,749.09,100924.65,0.0,0.0,4749.09,8924.65,No,False,
2022-04,cluster_only_3sl,1.0,2022-04-06,1,1,0,0,175.81,101100.46,0.0,0.0,4175.81,9100.46,No,False,
2022-04,cluster_only_3sl,1.0,2022-04-08,3,3,0,0,503.01,101603.47,0.0,0.0,4503.01,9603.47,No,False,
2022-04,cluster_only_3sl,1.0,2022-04-12,1,1,0,0,19.59,101623.07,0.0,0.0,4019.59,9623.07,No,False,
2022-04,cluster_only_3sl,1.0,2022-04-13,3,2,1,0,213.91,101836.97,0.0,0.0,4213.91,9836.97,No,False,
2022-04,cluster_only_3sl,1.0,2022-04-14,4,4,0,0,668.94,102505.91,0.0,0.0,4668.94,10505.91,No,False,
2022-04,cluster_only_3sl,1.0,2022-04-15,2,2,0,0,203.25,102709.16,0.0,0.0,4203.25,10709.16,No,False,
2022-04,cluster_only_3sl,1.0,2022-04-19,4,3,1,0,388.59,103097.75,0.0,0.0,4388.59,11097.75,No,False,
2022-04,cluster_only_3sl,1.0,2022-04-20,4,3,1,0,212.08,103309.84,0.0,0.0,4212.08,11309.84,No,False,
2022-04,cluster_only_3sl,1.0,2022-04-21,11,7,4,0,650.27,103960.11,0.0,0.0,4650.27,11960.11,No,False,
2022-04,cluster_only_3sl,1.0,2022-04-22,8,6,2,0,652.14,104612.25,0.0,0.0,4652.14,12612.25,No,False,
2022-04,cluster_only_3sl,1.0,2022-04-26,7,6,1,0,849.86,105462.11,0.0,0.0,4849.86,13462.11,No,False,
2022-04,cluster_only_3sl,1.0,2022-04-27,6,3,3,0,99.5,105561.61,0.0,0.0,4099.5,13561.61,No,True,cluster_3_consecutive_sl_safe_mode
2022-04,cluster_only_3sl,1.0,2022-04-28,12,6,6,0,186.52,105748.13,0.0,0.0,4186.52,13748.13,No,False,
2022-04,cluster_only_3sl,1.0,2022-04-29,15,10,5,0,1024.73,106772.86,0.0,0.0,5024.73,14772.86,No,False,
2022-04,guardrails_completos,1.0,2022-04-01,1,1,0,0,175.56,100175.56,0.0,0.0,4175.56,8175.56,No,False,
2022-04,guardrails_completos,1.0,2022-04-05,5,5,0,0,749.09,100924.65,0.0,0.0,4749.09,8924.65,No,False,
2022-04,guardrails_completos,1.0,2022-04-06,1,1,0,0,175.81,101100.46,0.0,0.0,4175.81,9100.46,No,False,
2022-04,guardrails_completos,1.0,2022-04-08,3,3,0,0,503.01,101603.47,0.0,0.0,4503.01,9603.47,No,False,
2022-04,guardrails_completos,1.0,2022-04-12,1,1,0,0,19.59,101623.07,0.0,0.0,4019.59,9623.07,No,False,
2022-04,guardrails_completos,1.0,2022-04-13,3,2,1,0,213.91,101836.97,0.0,0.0,4213.91,9836.97,No,False,
2022-04,guardrails_completos,1.0,2022-04-14,4,4,0,0,668.94,102505.91,0.0,0.0,4668.94,10505.91,No,False,
2022-04,guardrails_completos,1.0,2022-04-15,2,2,0,0,203.25,102709.16,0.0,0.0,4203.25,10709.16,No,False,
2022-04,guardrails_completos,1.0,2022-04-19,4,3,1,0,388.59,103097.75,0.0,0.0,4388.59,11097.75,No,False,
2022-04,guardrails_completos,1.0,2022-04-20,4,3,1,0,212.08,103309.84,0.0,0.0,4212.08,11309.84,No,False,
2022-04,guardrails_completos,1.0,2022-04-21,11,7,4,0,650.27,103960.11,0.0,0.0,4650.27,11960.11,No,False,
2022-04,guardrails_completos,1.0,2022-04-22,5,4,1,0,524.82,104484.93,0.0,0.0,4524.82,12484.93,No,False,
2022-04,guardrails_completos,1.0,2022-04-26,7,6,1,0,849.86,105334.79,0.0,0.0,4849.86,13334.79,No,False,
2022-04,guardrails_completos,1.0,2022-04-27,9,4,5,0,-8.8,105325.99,8.8,8.8e-05,3991.2,13325.99,No,True,cluster_2_consecutive_sl_block_180m
2022-04,guardrails_completos,1.0,2022-04-28,11,5,6,0,24.12,105350.11,0.0,0.0,4024.12,13350.11,No,True,cluster_2_consecutive_sl_block_180m
2022-04,guardrails_completos,1.0,2022-04-29,6,4,2,0,402.65,105752.75,0.0,0.0,4402.65,13752.75,No,True,friday_2sl_safe_mode
2020-09,baseline,1.0,2020-09-01,1,0,1,0,-36.14,99963.86,36.14,0.000361,3963.86,7963.86,No,False,
2020-09,baseline,1.0,2020-09-02,8,6,2,0,750.15,100714.01,0.0,0.0,4750.15,8714.01,No,False,
2020-09,baseline,1.0,2020-09-03,6,6,0,0,1037.29,101751.3,0.0,0.0,5037.29,9751.3,No,False,
2020-09,baseline,1.0,2020-09-04,1,0,1,0,-130.38,101620.93,130.38,0.001304,3869.62,9620.93,No,False,
2020-09,baseline,1.0,2020-09-08,2,1,1,0,38.93,101659.86,91.44,0.000914,4038.93,9659.86,No,False,
2020-09,baseline,1.0,2020-09-09,4,4,0,0,544.74,102204.6,0.0,0.0,4544.74,10204.6,No,False,
2020-09,baseline,1.0,2020-09-10,4,4,0,0,667.2,102871.8,0.0,0.0,4667.2,10871.8,No,False,
2020-09,baseline,1.0,2020-09-11,7,5,2,0,782.07,103653.88,0.0,0.0,4782.07,11653.88,No,False,
2020-09,baseline,1.0,2020-09-15,1,1,0,0,174.07,103827.94,0.0,0.0,4174.07,11827.94,No,False,
2020-09,baseline,1.0,2020-09-16,1,1,0,0,117.54,103945.48,0.0,0.0,4117.54,11945.48,No,False,
2020-09,baseline,1.0,2020-09-17,7,6,1,0,763.74,104709.22,0.0,0.0,4763.74,12709.22,No,False,
2020-09,baseline,1.0,2020-09-18,2,1,1,0,132.06,104841.28,0.0,0.0,4132.06,12841.28,No,False,
2020-09,baseline,1.0,2020-09-22,8,6,2,0,593.73,105435.02,0.0,0.0,4593.73,13435.02,No,False,
2020-09,baseline,1.0,2020-09-23,5,4,1,0,498.8,105933.81,0.0,0.0,4498.8,13933.81,No,False,
2020-09,baseline,1.0,2020-09-24,3,3,0,0,503.64,106437.45,0.0,0.0,4503.64,14437.45,No,False,
2020-09,baseline,1.0,2020-09-25,6,5,1,0,582.98,107020.43,0.0,0.0,4582.98,15020.43,No,False,
2020-09,baseline,1.0,2020-09-29,6,4,2,0,432.95,107453.38,0.0,0.0,4432.95,15453.38,No,False,
2020-09,baseline,1.0,2020-09-30,1,1,0,0,171.67,107625.05,0.0,0.0,4171.67,15625.05,No,False,
2020-09,cluster_only_3sl,1.0,2020-09-01,1,0,1,0,-36.14,99963.86,36.14,0.000361,3963.86,7963.86,No,False,
2020-09,cluster_only_3sl,1.0,2020-09-02,8,6,2,0,750.15,100714.01,0.0,0.0,4750.15,8714.01,No,False,
2020-09,cluster_only_3sl,1.0,2020-09-03,6,6,0,0,1037.29,101751.3,0.0,0.0,5037.29,9751.3,No,False,
2020-09,cluster_only_3sl,1.0,2020-09-04,1,0,1,0,-130.38,101620.93,130.38,0.001304,3869.62,9620.93,No,False,
2020-09,cluster_only_3sl,1.0,2020-09-08,2,1,1,0,38.93,101659.86,91.44,0.000914,4038.93,9659.86,No,False,
2020-09,cluster_only_3sl,1.0,2020-09-09,4,4,0,0,544.74,102204.6,0.0,0.0,4544.74,10204.6,No,False,
2020-09,cluster_only_3sl,1.0,2020-09-10,4,4,0,0,667.2,102871.8,0.0,0.0,4667.2,10871.8,No,False,
2020-09,cluster_only_3sl,1.0,2020-09-11,7,5,2,0,782.07,103653.88,0.0,0.0,4782.07,11653.88,No,False,
2020-09,cluster_only_3sl,1.0,2020-09-15,1,1,0,0,174.07,103827.94,0.0,0.0,4174.07,11827.94,No,False,
2020-09,cluster_only_3sl,1.0,2020-09-16,1,1,0,0,117.54,103945.48,0.0,0.0,4117.54,11945.48,No,False,
2020-09,cluster_only_3sl,1.0,2020-09-17,7,6,1,0,763.74,104709.22,0.0,0.0,4763.74,12709.22,No,False,
2020-09,cluster_only_3sl,1.0,2020-09-18,2,1,1,0,132.06,104841.28,0.0,0.0,4132.06,12841.28,No,False,
2020-09,cluster_only_3sl,1.0,2020-09-22,8,6,2,0,593.73,105435.02,0.0,0.0,4593.73,13435.02,No,False,
2020-09,cluster_only_3sl,1.0,2020-09-23,5,4,1,0,498.8,105933.81,0.0,0.0,4498.8,13933.81,No,False,
2020-09,cluster_only_3sl,1.0,2020-09-24,3,3,0,0,503.64,106437.45,0.0,0.0,4503.64,14437.45,No,False,
2020-09,cluster_only_3sl,1.0,2020-09-25,6,5,1,0,582.98,107020.43,0.0,0.0,4582.98,15020.43,No,False,
2020-09,cluster_only_3sl,1.0,2020-09-29,6,4,2,0,432.95,107453.38,0.0,0.0,4432.95,15453.38,No,False,
2020-09,cluster_only_3sl,1.0,2020-09-30,1,1,0,0,171.67,107625.05,0.0,0.0,4171.67,15625.05,No,False,
2020-09,guardrails_completos,1.0,2020-09-01,1,0,1,0,-36.14,99963.86,36.14,0.000361,3963.86,7963.86,No,False,
2020-09,guardrails_completos,1.0,2020-09-02,8,6,2,0,750.15,100714.01,0.0,0.0,4750.15,8714.01,No,False,
2020-09,guardrails_completos,1.0,2020-09-03,6,6,0,0,1037.29,101751.3,0.0,0.0,5037.29,9751.3,No,False,
2020-09,guardrails_completos,1.0,2020-09-04,1,0,1,0,-130.38,101620.93,130.38,0.001304,3869.62,9620.93,No,False,
2020-09,guardrails_completos,1.0,2020-09-08,2,1,1,0,38.93,101659.86,91.44,0.000914,4038.93,9659.86,No,False,
2020-09,guardrails_completos,1.0,2020-09-09,4,4,0,0,544.74,102204.6,0.0,0.0,4544.74,10204.6,No,False,
2020-09,guardrails_completos,1.0,2020-09-10,4,4,0,0,667.2,102871.8,0.0,0.0,4667.2,10871.8,No,False,
2020-09,guardrails_completos,1.0,2020-09-11,5,4,1,0,659.11,103530.91,0.0,0.0,4659.11,11530.91,No,False,
2020-09,guardrails_completos,1.0,2020-09-15,1,1,0,0,174.07,103704.98,0.0,0.0,4174.07,11704.98,No,False,
2020-09,guardrails_completos,1.0,2020-09-16,1,1,0,0,117.54,103822.52,0.0,0.0,4117.54,11822.52,No,False,
2020-09,guardrails_completos,1.0,2020-09-17,7,6,1,0,763.74,104586.26,0.0,0.0,4763.74,12586.26,No,False,
2020-09,guardrails_completos,1.0,2020-09-18,1,0,1,0,-48.12,104538.15,48.12,0.000481,3951.88,12538.15,No,False,
2020-09,guardrails_completos,1.0,2020-09-22,6,4,2,0,251.21,104789.36,0.0,0.0,4251.21,12789.36,No,True,cluster_2_consecutive_sl_block_180m
2020-09,guardrails_completos,1.0,2020-09-23,5,4,1,0,498.8,105288.16,0.0,0.0,4498.8,13288.16,No,False,
2020-09,guardrails_completos,1.0,2020-09-24,3,3,0,0,503.64,105791.8,0.0,0.0,4503.64,13791.8,No,False,
2020-09,guardrails_completos,1.0,2020-09-25,4,3,1,0,245.09,106036.88,0.0,0.0,4245.09,14036.88,No,False,
2020-09,guardrails_completos,1.0,2020-09-29,6,4,2,0,432.95,106469.84,0.0,0.0,4432.95,14469.84,No,False,
2020-09,guardrails_completos,1.0,2020-09-30,1,1,0,0,171.67,106641.51,0.0,0.0,4171.67,14641.51,No,False,
2021-08,baseline,1.0,2021-08-03,2,0,2,0,-134.32,99865.68,134.32,0.001343,3865.68,7865.68,No,False,
2021-08,baseline,1.0,2021-08-04,5,4,1,0,520.99,100386.67,0.0,0.0,4520.99,8386.67,No,False,
2021-08,baseline,1.0,2021-08-05,3,2,1,0,220.33,100607.0,0.0,0.0,4220.33,8607.0,No,False,
2021-08,baseline,1.0,2021-08-06,4,4,0,0,619.44,101226.44,0.0,0.0,4619.44,9226.44,No,False,
2021-08,baseline,1.0,2021-08-11,1,1,0,0,167.68,101394.12,0.0,0.0,4167.68,9394.12,No,False,
2021-08,baseline,1.0,2021-08-13,5,4,1,0,591.57,101985.69,0.0,0.0,4591.57,9985.69,No,False,
2021-08,baseline,1.0,2021-08-17,3,2,1,0,128.05,102113.74,0.0,0.0,4128.05,10113.74,No,False,
2021-08,baseline,1.0,2021-08-18,2,1,1,0,-32.25,102081.49,32.25,0.000323,3967.75,10081.49,No,False,
2021-08,baseline,1.0,2021-08-19,3,2,1,0,212.89,102294.37,0.0,0.0,4212.89,10294.37,No,False,
2021-08,baseline,1.0,2021-08-20,3,2,1,0,259.62,102554.0,0.0,0.0,4259.62,10554.0,No,False,
2021-08,baseline,1.0,2021-08-24,1,1,0,0,5.62,102559.62,0.0,0.0,4005.62,10559.62,No,False,
2021-08,baseline,1.0,2021-08-25,1,1,0,0,170.54,102730.16,0.0,0.0,4170.54,10730.16,No,False,
2021-08,baseline,1.0,2021-08-26,2,1,1,0,51.99,102782.15,0.0,0.0,4051.99,10782.15,No,False,
2021-08,baseline,1.0,2021-08-27,4,1,3,0,-94.27,102687.88,94.27,0.000943,3905.73,10687.88,No,False,
2021-08,baseline,1.0,2021-08-31,5,3,2,0,165.08,102852.96,0.0,0.0,4165.08,10852.96,No,False,
2021-08,cluster_only_3sl,1.0,2021-08-03,2,0,2,0,-134.32,99865.68,134.32,0.001343,3865.68,7865.68,No,False,
2021-08,cluster_only_3sl,1.0,2021-08-04,5,4,1,0,520.99,100386.67,0.0,0.0,4520.99,8386.67,No,False,
2021-08,cluster_only_3sl,1.0,2021-08-05,3,2,1,0,220.33,100607.0,0.0,0.0,4220.33,8607.0,No,False,
2021-08,cluster_only_3sl,1.0,2021-08-06,4,4,0,0,619.44,101226.44,0.0,0.0,4619.44,9226.44,No,False,
2021-08,cluster_only_3sl,1.0,2021-08-11,1,1,0,0,167.68,101394.12,0.0,0.0,4167.68,9394.12,No,False,
2021-08,cluster_only_3sl,1.0,2021-08-13,5,4,1,0,591.57,101985.69,0.0,0.0,4591.57,9985.69,No,False,
2021-08,cluster_only_3sl,1.0,2021-08-17,3,2,1,0,128.05,102113.74,0.0,0.0,4128.05,10113.74,No,False,
2021-08,cluster_only_3sl,1.0,2021-08-18,2,1,1,0,-32.25,102081.49,32.25,0.000323,3967.75,10081.49,No,False,
2021-08,cluster_only_3sl,1.0,2021-08-19,3,2,1,0,212.89,102294.37,0.0,0.0,4212.89,10294.37,No,False,
2021-08,cluster_only_3sl,1.0,2021-08-20,3,2,1,0,259.62,102554.0,0.0,0.0,4259.62,10554.0,No,False,
2021-08,cluster_only_3sl,1.0,2021-08-24,1,1,0,0,5.62,102559.62,0.0,0.0,4005.62,10559.62,No,False,
2021-08,cluster_only_3sl,1.0,2021-08-25,1,1,0,0,170.54,102730.16,0.0,0.0,4170.54,10730.16,No,False,
2021-08,cluster_only_3sl,1.0,2021-08-26,2,1,1,0,51.99,102782.15,0.0,0.0,4051.99,10782.15,No,False,
2021-08,cluster_only_3sl,1.0,2021-08-27,4,1,3,0,-94.27,102687.88,94.27,0.000943,3905.73,10687.88,No,False,
2021-08,cluster_only_3sl,1.0,2021-08-31,5,3,2,0,165.08,102852.96,0.0,0.0,4165.08,10852.96,No,False,
2021-08,guardrails_completos,1.0,2021-08-03,2,0,2,0,-134.32,99865.68,134.32,0.001343,3865.68,7865.68,No,False,
2021-08,guardrails_completos,1.0,2021-08-04,5,4,1,0,520.99,100386.67,0.0,0.0,4520.99,8386.67,No,False,
2021-08,guardrails_completos,1.0,2021-08-05,3,2,1,0,220.33,100607.0,0.0,0.0,4220.33,8607.0,No,False,
2021-08,guardrails_completos,1.0,2021-08-06,4,4,0,0,619.44,101226.44,0.0,0.0,4619.44,9226.44,No,False,
2021-08,guardrails_completos,1.0,2021-08-11,1,1,0,0,167.68,101394.12,0.0,0.0,4167.68,9394.12,No,False,
2021-08,guardrails_completos,1.0,2021-08-13,3,2,1,0,256.07,101650.19,0.0,0.0,4256.07,9650.19,No,False,
2021-08,guardrails_completos,1.0,2021-08-17,3,2,1,0,128.05,101778.24,0.0,0.0,4128.05,9778.24,No,False,
2021-08,guardrails_completos,1.0,2021-08-18,2,1,1,0,-32.25,101745.99,32.25,0.000323,3967.75,9745.99,No,False,
2021-08,guardrails_completos,1.0,2021-08-19,3,2,1,0,212.89,101958.87,0.0,0.0,4212.89,9958.87,No,False,
2021-08,guardrails_completos,1.0,2021-08-20,1,0,1,0,-88.74,101870.14,88.74,0.000887,3911.26,9870.14,No,False,
2021-08,guardrails_completos,1.0,2021-08-24,1,1,0,0,5.62,101875.75,83.12,0.000831,4005.62,9875.75,No,False,
2021-08,guardrails_completos,1.0,2021-08-25,1,1,0,0,170.54,102046.3,0.0,0.0,4170.54,10046.3,No,False,
2021-08,guardrails_completos,1.0,2021-08-26,2,1,1,0,51.99,102098.29,0.0,0.0,4051.99,10098.29,No,False,
2021-08,guardrails_completos,1.0,2021-08-27,2,1,1,0,44.49,102142.78,0.0,0.0,4044.49,10142.78,No,False,
2021-08,guardrails_completos,1.0,2021-08-31,5,3,2,0,165.08,102307.86,0.0,0.0,4165.08,10307.86,No,False,
2022-08,baseline,1.0,2022-08-02,8,6,2,0,779.2,100779.2,0.0,0.0,4779.2,8779.2,No,False,
2022-08,baseline,1.0,2022-08-03,7,7,0,0,1200.91,101980.12,0.0,0.0,5200.91,9980.12,No,False,
2022-08,baseline,1.0,2022-08-04,2,1,1,0,102.0,102082.12,0.0,0.0,4102.0,10082.12,No,False,
2022-08,baseline,1.0,2022-08-05,3,3,0,0,411.71,102493.83,0.0,0.0,4411.71,10493.83,No,False,
2022-08,baseline,1.0,2022-08-09,5,5,0,0,724.63,103218.47,0.0,0.0,4724.63,11218.47,No,False,
2022-08,baseline,1.0,2022-08-10,2,1,1,0,102.13,103320.6,0.0,0.0,4102.13,11320.6,No,False,
2022-08,baseline,1.0,2022-08-11,2,2,0,0,334.8,103655.4,0.0,0.0,4334.8,11655.4,No,False,
2022-08,baseline,1.0,2022-08-12,5,4,1,0,553.17,104208.57,0.0,0.0,4553.17,12208.57,No,False,
2022-08,baseline,1.0,2022-08-16,6,5,1,0,727.31,104935.88,0.0,0.0,4727.31,12935.88,No,False,
2022-08,baseline,1.0,2022-08-17,8,6,2,0,761.84,105697.72,0.0,0.0,4761.84,13697.72,No,False,
2022-08,baseline,1.0,2022-08-19,2,1,1,0,43.4,105741.12,0.0,0.0,4043.4,13741.12,No,False,
2022-08,baseline,1.0,2022-08-23,7,3,4,0,16.56,105757.67,0.0,0.0,4016.56,13757.67,No,False,
2022-08,baseline,1.0,2022-08-24,11,5,6,0,117.75,105875.43,0.0,0.0,4117.75,13875.43,No,False,
2022-08,baseline,1.0,2022-08-25,12,7,5,0,558.8,106434.23,0.0,0.0,4558.8,14434.23,No,False,
2022-08,baseline,1.0,2022-08-26,2,2,0,0,349.55,106783.78,0.0,0.0,4349.55,14783.78,No,False,
2022-08,baseline,1.0,2022-08-31,7,7,0,0,1198.33,107982.11,0.0,0.0,5198.33,15982.11,No,False,
2022-08,cluster_only_3sl,1.0,2022-08-02,8,6,2,0,779.2,100779.2,0.0,0.0,4779.2,8779.2,No,False,
2022-08,cluster_only_3sl,1.0,2022-08-03,7,7,0,0,1200.91,101980.12,0.0,0.0,5200.91,9980.12,No,False,
2022-08,cluster_only_3sl,1.0,2022-08-04,2,1,1,0,102.0,102082.12,0.0,0.0,4102.0,10082.12,No,False,
2022-08,cluster_only_3sl,1.0,2022-08-05,3,3,0,0,411.71,102493.83,0.0,0.0,4411.71,10493.83,No,False,
2022-08,cluster_only_3sl,1.0,2022-08-09,5,5,0,0,724.63,103218.47,0.0,0.0,4724.63,11218.47,No,False,
2022-08,cluster_only_3sl,1.0,2022-08-10,2,1,1,0,102.13,103320.6,0.0,0.0,4102.13,11320.6,No,False,
2022-08,cluster_only_3sl,1.0,2022-08-11,2,2,0,0,334.8,103655.4,0.0,0.0,4334.8,11655.4,No,False,
2022-08,cluster_only_3sl,1.0,2022-08-12,5,4,1,0,553.17,104208.57,0.0,0.0,4553.17,12208.57,No,False,
2022-08,cluster_only_3sl,1.0,2022-08-16,6,5,1,0,727.31,104935.88,0.0,0.0,4727.31,12935.88,No,False,
2022-08,cluster_only_3sl,1.0,2022-08-17,8,6,2,0,761.84,105697.72,0.0,0.0,4761.84,13697.72,No,False,
2022-08,cluster_only_3sl,1.0,2022-08-19,2,1,1,0,43.4,105741.12,0.0,0.0,4043.4,13741.12,No,False,
2022-08,cluster_only_3sl,1.0,2022-08-23,6,2,4,0,-160.66,105580.45,160.66,0.001607,3839.34,13580.45,No,True,cluster_3_consecutive_sl_safe_mode
2022-08,cluster_only_3sl,1.0,2022-08-24,9,4,5,0,59.67,105640.12,101.0,0.00101,4059.67,13640.12,No,True,cluster_3_consecutive_sl_safe_mode
2022-08,cluster_only_3sl,1.0,2022-08-25,12,7,5,0,558.8,106198.92,0.0,0.0,4558.8,14198.92,No,False,
2022-08,cluster_only_3sl,1.0,2022-08-26,2,2,0,0,349.55,106548.47,0.0,0.0,4349.55,14548.47,No,False,
2022-08,cluster_only_3sl,1.0,2022-08-31,7,7,0,0,1198.33,107746.8,0.0,0.0,5198.33,15746.8,No,False,
2022-08,guardrails_completos,1.0,2022-08-02,7,5,2,0,608.01,100608.01,0.0,0.0,4608.01,8608.01,No,True,cluster_2_consecutive_sl_block_180m
2022-08,guardrails_completos,1.0,2022-08-03,7,7,0,0,1200.91,101808.93,0.0,0.0,5200.91,9808.93,No,False,
2022-08,guardrails_completos,1.0,2022-08-04,2,1,1,0,102.0,101910.93,0.0,0.0,4102.0,9910.93,No,False,
2022-08,guardrails_completos,1.0,2022-08-05,3,3,0,0,411.71,102322.65,0.0,0.0,4411.71,10322.65,No,False,
2022-08,guardrails_completos,1.0,2022-08-09,5,5,0,0,724.63,103047.28,0.0,0.0,4724.63,11047.28,No,False,
2022-08,guardrails_completos,1.0,2022-08-10,2,1,1,0,102.13,103149.42,0.0,0.0,4102.13,11149.42,No,False,
2022-08,guardrails_completos,1.0,2022-08-11,2,2,0,0,334.8,103484.21,0.0,0.0,4334.8,11484.21,No,False,
2022-08,guardrails_completos,1.0,2022-08-12,3,2,1,0,223.72,103707.93,0.0,0.0,4223.72,11707.93,No,False,
2022-08,guardrails_completos,1.0,2022-08-16,6,5,1,0,727.31,104435.24,0.0,0.0,4727.31,12435.24,No,False,
2022-08,guardrails_completos,1.0,2022-08-17,8,6,2,0,761.84,105197.08,0.0,0.0,4761.84,13197.08,No,False,
2022-08,guardrails_completos,1.0,2022-08-19,1,0,1,0,-124.18,105072.89,124.18,0.001242,3875.82,13072.89,No,False,
2022-08,guardrails_completos,1.0,2022-08-23,5,2,3,0,-33.15,105039.74,157.33,0.001573,3966.85,13039.74,No,True,cluster_2_consecutive_sl_block_180m
2022-08,guardrails_completos,1.0,2022-08-24,8,4,4,0,194.45,105234.2,0.0,0.0,4194.45,13234.2,No,True,cluster_2_consecutive_sl_block_180m
2022-08,guardrails_completos,1.0,2022-08-25,12,7,5,0,558.8,105793.0,0.0,0.0,4558.8,13793.0,No,False,
2022-08,guardrails_completos,1.0,2022-08-26,2,2,0,0,349.55,106142.55,0.0,0.0,4349.55,14142.55,No,False,
2022-08,guardrails_completos,1.0,2022-08-31,7,7,0,0,1198.33,107340.88,0.0,0.0,5198.33,15340.88,No,False,
2024-06,baseline,1.0,2024-06-05,1,1,0,0,177.99,100177.99,0.0,0.0,4177.99,8177.99,No,False,
2024-06,baseline,1.0,2024-06-13,2,0,2,0,-266.28,99911.71,266.28,0.002663,3733.72,7911.71,No,False,
2024-06,baseline,1.0,2024-06-14,1,1,0,0,168.7,100080.41,97.58,0.000976,4168.7,8080.41,No,False,
2024-06,baseline,1.0,2024-06-19,1,0,1,0,-19.37,100061.04,116.95,0.00117,3980.63,8061.04,No,False,
2024-06,baseline,1.0,2024-06-20,2,1,1,0,166.78,100227.82,0.0,0.0,4166.78,8227.82,No,False,
2024-06,baseline,1.0,2024-06-21,1,1,0,0,7.75,100235.57,0.0,0.0,4007.75,8235.57,No,False,
2024-06,baseline,1.0,2024-06-27,2,2,0,0,222.93,100458.51,0.0,0.0,4222.93,8458.51,No,False,
2024-06,baseline,1.0,2024-06-28,2,2,0,0,348.08,100806.59,0.0,0.0,4348.08,8806.59,No,False,
2024-06,cluster_only_3sl,1.0,2024-06-05,1,1,0,0,177.99,100177.99,0.0,0.0,4177.99,8177.99,No,False,
2024-06,cluster_only_3sl,1.0,2024-06-13,2,0,2,0,-266.28,99911.71,266.28,0.002663,3733.72,7911.71,No,False,
2024-06,cluster_only_3sl,1.0,2024-06-14,1,1,0,0,168.7,100080.41,97.58,0.000976,4168.7,8080.41,No,False,
2024-06,cluster_only_3sl,1.0,2024-06-19,1,0,1,0,-19.37,100061.04,116.95,0.00117,3980.63,8061.04,No,False,
2024-06,cluster_only_3sl,1.0,2024-06-20,2,1,1,0,166.78,100227.82,0.0,0.0,4166.78,8227.82,No,False,
2024-06,cluster_only_3sl,1.0,2024-06-21,1,1,0,0,7.75,100235.57,0.0,0.0,4007.75,8235.57,No,False,
2024-06,cluster_only_3sl,1.0,2024-06-27,2,2,0,0,222.93,100458.51,0.0,0.0,4222.93,8458.51,No,False,
2024-06,cluster_only_3sl,1.0,2024-06-28,2,2,0,0,348.08,100806.59,0.0,0.0,4348.08,8806.59,No,False,
2024-06,guardrails_completos,1.0,2024-06-05,1,1,0,0,177.99,100177.99,0.0,0.0,4177.99,8177.99,No,False,
2024-06,guardrails_completos,1.0,2024-06-13,2,0,2,0,-266.28,99911.71,266.28,0.002663,3733.72,7911.71,No,False,
2024-06,guardrails_completos,1.0,2024-06-14,1,1,0,0,168.7,100080.41,97.58,0.000976,4168.7,8080.41,No,False,
2024-06,guardrails_completos,1.0,2024-06-19,1,0,1,0,-19.37,100061.04,116.95,0.00117,3980.63,8061.04,No,False,
2024-06,guardrails_completos,1.0,2024-06-20,2,1,1,0,166.78,100227.82,0.0,0.0,4166.78,8227.82,No,False,
2024-06,guardrails_completos,1.0,2024-06-21,1,1,0,0,7.75,100235.57,0.0,0.0,4007.75,8235.57,No,False,
2024-06,guardrails_completos,1.0,2024-06-27,2,2,0,0,222.93,100458.51,0.0,0.0,4222.93,8458.51,No,False,
2024-06,guardrails_completos,1.0,2024-06-28,2,2,0,0,348.08,100806.59,0.0,0.0,4348.08,8806.59,No,False,
2024-10,baseline,1.0,2024-10-02,1,0,1,0,-0.86,99999.14,0.86,9e-06,3999.14,7999.14,No,False,
2024-10,baseline,1.0,2024-10-03,3,2,1,0,205.83,100204.97,0.0,0.0,4205.83,8204.97,No,False,
2024-10,baseline,1.0,2024-10-04,1,0,1,0,-33.17,100171.79,33.17,0.000332,3966.83,8171.79,No,False,
2024-10,baseline,1.0,2024-10-08,1,1,0,0,22.22,100194.01,10.96,0.00011,4022.22,8194.01,No,False,
2024-10,baseline,1.0,2024-10-09,2,2,0,0,216.83,100410.84,0.0,0.0,4216.83,8410.84,No,False,
2024-10,baseline,1.0,2024-10-10,1,1,0,0,28.79,100439.62,0.0,0.0,4028.79,8439.62,No,False,
2024-10,baseline,1.0,2024-10-15,1,0,1,0,-2.82,100436.8,2.82,2.8e-05,3997.18,8436.8,No,False,
2024-10,baseline,1.0,2024-10-17,2,2,0,0,196.9,100633.7,0.0,0.0,4196.9,8633.7,No,False,
2024-10,baseline,1.0,2024-10-22,3,3,0,0,260.22,100893.92,0.0,0.0,4260.22,8893.92,No,False,
2024-10,baseline,1.0,2024-10-23,1,1,0,0,11.64,100905.56,0.0,0.0,4011.64,8905.56,No,False,
2024-10,baseline,1.0,2024-10-24,4,2,2,0,181.23,101086.79,0.0,0.0,4181.23,9086.79,No,False,
2024-10,baseline,1.0,2024-10-25,3,1,2,0,-148.35,100938.44,148.35,0.001484,3851.65,8938.44,No,False,
2024-10,baseline,1.0,2024-10-29,2,1,1,0,42.38,100980.82,105.97,0.00106,4042.38,8980.82,No,False,
2024-10,baseline,1.0,2024-10-30,2,1,1,0,35.43,101016.25,70.55,0.000705,4035.43,9016.25,No,False,
2024-10,baseline,1.0,2024-10-31,3,3,0,0,373.39,101389.64,0.0,0.0,4373.39,9389.64,No,False,
2024-10,cluster_only_3sl,1.0,2024-10-02,1,0,1,0,-0.86,99999.14,0.86,9e-06,3999.14,7999.14,No,False,
2024-10,cluster_only_3sl,1.0,2024-10-03,3,2,1,0,205.83,100204.97,0.0,0.0,4205.83,8204.97,No,False,
2024-10,cluster_only_3sl,1.0,2024-10-04,1,0,1,0,-33.17,100171.79,33.17,0.000332,3966.83,8171.79,No,False,
2024-10,cluster_only_3sl,1.0,2024-10-08,1,1,0,0,22.22,100194.01,10.96,0.00011,4022.22,8194.01,No,False,
2024-10,cluster_only_3sl,1.0,2024-10-09,2,2,0,0,216.83,100410.84,0.0,0.0,4216.83,8410.84,No,False,
2024-10,cluster_only_3sl,1.0,2024-10-10,1,1,0,0,28.79,100439.62,0.0,0.0,4028.79,8439.62,No,False,
2024-10,cluster_only_3sl,1.0,2024-10-15,1,0,1,0,-2.82,100436.8,2.82,2.8e-05,3997.18,8436.8,No,False,
2024-10,cluster_only_3sl,1.0,2024-10-17,2,2,0,0,196.9,100633.7,0.0,0.0,4196.9,8633.7,No,False,
2024-10,cluster_only_3sl,1.0,2024-10-22,3,3,0,0,260.22,100893.92,0.0,0.0,4260.22,8893.92,No,False,
2024-10,cluster_only_3sl,1.0,2024-10-23,1,1,0,0,11.64,100905.56,0.0,0.0,4011.64,8905.56,No,False,
2024-10,cluster_only_3sl,1.0,2024-10-24,4,2,2,0,181.23,101086.79,0.0,0.0,4181.23,9086.79,No,False,
2024-10,cluster_only_3sl,1.0,2024-10-25,3,1,2,0,-148.35,100938.44,148.35,0.001484,3851.65,8938.44,No,False,
2024-10,cluster_only_3sl,1.0,2024-10-29,2,1,1,0,42.38,100980.82,105.97,0.00106,4042.38,8980.82,No,False,
2024-10,cluster_only_3sl,1.0,2024-10-30,2,1,1,0,35.43,101016.25,70.55,0.000705,4035.43,9016.25,No,False,
2024-10,cluster_only_3sl,1.0,2024-10-31,3,3,0,0,373.39,101389.64,0.0,0.0,4373.39,9389.64,No,False,
2024-10,guardrails_completos,1.0,2024-10-02,1,0,1,0,-0.86,99999.14,0.86,9e-06,3999.14,7999.14,No,False,
2024-10,guardrails_completos,1.0,2024-10-03,3,2,1,0,205.83,100204.97,0.0,0.0,4205.83,8204.97,No,False,
2024-10,guardrails_completos,1.0,2024-10-04,1,0,1,0,-33.17,100171.79,33.17,0.000332,3966.83,8171.79,No,False,
2024-10,guardrails_completos,1.0,2024-10-08,1,1,0,0,22.22,100194.01,10.96,0.00011,4022.22,8194.01,No,False,
2024-10,guardrails_completos,1.0,2024-10-09,2,2,0,0,216.83,100410.84,0.0,0.0,4216.83,8410.84,No,False,
2024-10,guardrails_completos,1.0,2024-10-10,1,1,0,0,28.79,100439.62,0.0,0.0,4028.79,8439.62,No,False,
2024-10,guardrails_completos,1.0,2024-10-15,1,0,1,0,-2.82,100436.8,2.82,2.8e-05,3997.18,8436.8,No,False,
2024-10,guardrails_completos,1.0,2024-10-17,2,2,0,0,196.9,100633.7,0.0,0.0,4196.9,8633.7,No,False,
2024-10,guardrails_completos,1.0,2024-10-22,3,3,0,0,260.22,100893.92,0.0,0.0,4260.22,8893.92,No,False,
2024-10,guardrails_completos,1.0,2024-10-23,1,1,0,0,11.64,100905.56,0.0,0.0,4011.64,8905.56,No,False,
2024-10,guardrails_completos,1.0,2024-10-24,4,2,2,0,181.23,101086.79,0.0,0.0,4181.23,9086.79,No,False,
2024-10,guardrails_completos,1.0,2024-10-25,2,1,1,0,-18.72,101068.08,18.72,0.000187,3981.28,9068.08,No,False,
2024-10,guardrails_completos,1.0,2024-10-29,2,1,1,0,42.38,101110.45,0.0,0.0,4042.38,9110.45,No,False,
2024-10,guardrails_completos,1.0,2024-10-30,2,1,1,0,35.43,101145.88,0.0,0.0,4035.43,9145.88,No,False,
2024-10,guardrails_completos,1.0,2024-10-31,3,3,0,0,373.39,101519.27,0.0,0.0,4373.39,9519.27,No,False,
