month,entry_time,exit_time,symbol,direction,entry_price,result,realized_R,net_pips,gross_pips,duration_minutes,duration,aggression_mode,score,reason_code,gaspar_p_deteriorating,melchor_signal,decision_id,split
2020-03,2020-03-03T14:35:00Z,2020-03-03T14:40:00Z,EURUSD,BUY,1.11105,WIN,1.637405,16.37405,20.0,5.0,5m,normal,0.335333,score_normal,0.076952,APPROVE,EURUSD-2020-03-03T14:35:00Z-000093,train
2020-03,2020-03-04T14:25:00Z,2020-03-04T15:00:00Z,EURUSD,SELL,1.11358,WIN,1.689098,16.89098,20.0,35.0,35m,cautious,0.261521,score_cautious,0.071205,APPROVE,EURUSD-2020-03-04T14:25:00Z-000096,train
2020-03,2020-03-04T18:30:00Z,2020-03-04T22:30:00Z,EURUSD,BUY,1.11288,WIN,0.274015,2.74015,5.3,240.0,4h 00m,cautious,0.240272,score_cautious,0.33573,APPROVE,EURUSD-2020-03-04T18:30:00Z-000098,train
2020-03,2020-03-05T10:00:00Z,2020-03-05T11:20:00Z,EURUSD,BUY,1.1123,WIN,1.697872,16.97872,20.0,80.0,1h 20m,premium,0.589949,score_premium,0.038199,APPROVE,EURUSD-2020-03-05T10:00:00Z-000099,train
2020-03,2020-03-10T07:10:00Z,2020-03-10T07:35:00Z,EURUSD,SELL,1.13574,WIN,1.654424,16.54424,20.0,25.0,25m,premium,0.539914,score_premium,0.057442,APPROVE,EURUSD-2020-03-10T07:10:00Z-000101,train
2020-03,2020-03-10T07:35:00Z,2020-03-10T07:45:00Z,EURUSD,SELL,1.13464,LOSS,-1.339234,-13.39234,-10.0,10.0,10m,cautious,0.277947,score_cautious,0.156115,APPROVE,EURUSD-2020-03-10T07:35:00Z-000102,train
2020-03,2020-03-10T07:45:00Z,2020-03-10T08:00:00Z,EURUSD,SELL,1.13594,WIN,1.53796,15.3796,20.0,15.0,15m,premium,0.59079,score_premium,0.106357,APPROVE,EURUSD-2020-03-10T07:45:00Z-000103,train
2020-03,2020-03-10T08:00:00Z,2020-03-10T08:05:00Z,EURUSD,SELL,1.1341,LOSS,-1.43713,-14.3713,-10.0,5.0,5m,cautious,0.234414,score_cautious,0.209194,APPROVE,EURUSD-2020-03-10T08:00:00Z-000104,train
2020-03,2020-03-10T08:05:00Z,2020-03-10T08:10:00Z,EURUSD,SELL,1.13539,LOSS,-1.382912,-13.82912,-10.0,5.0,5m,cautious,0.238912,score_cautious,0.185659,APPROVE,EURUSD-2020-03-10T08:05:00Z-000105,train
2020-03,2020-03-10T08:10:00Z,2020-03-10T08:35:00Z,EURUSD,SELL,1.13686,WIN,1.728679,17.28679,20.0,25.0,25m,premium,0.446276,score_premium,0.208659,APPROVE,EURUSD-2020-03-10T08:10:00Z-000106,train
2020-03,2020-03-10T08:35:00Z,2020-03-10T09:25:00Z,EURUSD,SELL,1.13508,LOSS,-1.431305,-14.31305,-10.0,50.0,50m,normal,0.329744,score_normal,0.07837,APPROVE,EURUSD-2020-03-10T08:35:00Z-000107,train
2020-03,2020-03-10T09:25:00Z,2020-03-10T09:40:00Z,EURUSD,BUY,1.13576,LOSS,-1.304768,-13.04768,-10.0,15.0,15m,cautious,0.244056,score_cautious,0.114793,APPROVE,EURUSD-2020-03-10T09:25:00Z-000108,train
2020-03,2020-03-10T09:40:00Z,2020-03-10T09:50:00Z,EURUSD,BUY,1.13514,WIN,1.681677,16.81677,20.0,10.0,10m,premium,0.499607,score_premium,0.049319,APPROVE,EURUSD-2020-03-10T09:40:00Z-000109,train
2020-03,2020-03-10T09:50:00Z,2020-03-10T09:55:00Z,EURUSD,SELL,1.13686,LOSS,-1.296936,-12.96936,-10.0,5.0,5m,cautious,0.257833,score_cautious,0.078691,APPROVE,EURUSD-2020-03-10T09:50:00Z-000110,train
2020-03,2020-03-10T09:55:00Z,2020-03-10T10:05:00Z,EURUSD,SELL,1.13764,LOSS,-1.316899,-13.16899,-10.0,10.0,10m,cautious,0.245551,score_cautious,0.104139,APPROVE,EURUSD-2020-03-10T09:55:00Z-000111,train
2020-03,2020-03-10T10:05:00Z,2020-03-10T10:15:00Z,EURUSD,SELL,1.13885,LOSS,-1.355797,-13.55797,-10.0,10.0,10m,cautious,0.248537,score_cautious,0.138977,APPROVE,EURUSD-2020-03-10T10:05:00Z-000112,train
2020-03,2020-03-10T10:20:00Z,2020-03-10T10:55:00Z,EURUSD,SELL,1.13849,WIN,1.68786,16.8786,20.0,35.0,35m,premium,0.468851,score_premium,0.161653,APPROVE,EURUSD-2020-03-10T10:20:00Z-000113,train
2020-03,2020-03-10T10:55:00Z,2020-03-10T11:45:00Z,EURUSD,SELL,1.13662,WIN,1.553808,15.53808,20.0,50.0,50m,premium,0.630364,score_premium,0.061848,APPROVE,EURUSD-2020-03-10T10:55:00Z-000114,train
2020-03,2020-03-10T11:45:00Z,2020-03-10T12:00:00Z,EURUSD,SELL,1.1346,LOSS,-1.345558,-13.45558,-10.0,15.0,15m,cautious,0.22247,score_cautious,0.150565,APPROVE,EURUSD-2020-03-10T11:45:00Z-000115,train
2020-03,2020-03-10T12:40:00Z,2020-03-10T13:25:00Z,EURUSD,BUY,1.13407,WIN,1.569357,15.69357,20.0,45.0,45m,cautious,0.223076,score_cautious,0.212531,APPROVE,EURUSD-2020-03-10T12:40:00Z-000117,train
2020-03,2020-03-10T14:00:00Z,2020-03-10T14:10:00Z,EURUSD,BUY,1.13594,WIN,1.662892,16.62892,20.0,10.0,10m,cautious,0.240252,score_cautious,0.232419,APPROVE,EURUSD-2020-03-10T14:00:00Z-000118,train
2020-03,2020-03-10T14:35:00Z,2020-03-10T15:35:00Z,EURUSD,SELL,1.13883,WIN,1.553935,15.53935,20.0,60.0,1h 00m,normal,0.324555,score_normal,0.139808,APPROVE,EURUSD-2020-03-10T14:35:00Z-000120,train
2020-03,2020-03-10T17:30:00Z,2020-03-10T17:55:00Z,EURUSD,SELL,1.13836,WIN,1.651715,16.51715,20.0,25.0,25m,cautious,0.285167,score_cautious,0.231199,APPROVE,EURUSD-2020-03-10T17:30:00Z-000122,train
2020-03,2020-03-10T18:20:00Z,2020-03-10T18:45:00Z,EURUSD,SELL,1.13352,WIN,1.60316,16.0316,20.0,25.0,25m,cautious,0.204283,score_cautious,0.303577,APPROVE,EURUSD-2020-03-10T18:20:00Z-000126,train
2020-03,2020-03-10T18:45:00Z,2020-03-10T18:55:00Z,EURUSD,SELL,1.13204,WIN,1.677774,16.77774,20.0,10.0,10m,cautious,0.283024,score_cautious,0.207801,APPROVE,EURUSD-2020-03-10T18:45:00Z-000127,train
2020-03,2020-03-10T19:05:00Z,2020-03-10T20:10:00Z,EURUSD,BUY,1.13095,WIN,1.720868,17.20868,20.0,65.0,1h 05m,normal,0.309965,score_normal,0.208981,APPROVE,EURUSD-2020-03-10T19:05:00Z-000129,train
2020-03,2020-03-10T21:00:00Z,2020-03-10T21:25:00Z,EURUSD,SELL,1.1295,WIN,1.732383,17.32383,20.0,25.0,25m,premium,0.429726,score_premium,0.147532,APPROVE,EURUSD-2020-03-10T21:00:00Z-000130,train
2020-03,2020-03-10T21:30:00Z,2020-03-10T22:15:00Z,EURUSD,SELL,1.12968,LOSS,-1.352918,-13.52918,-10.0,45.0,45m,cautious,0.242444,score_cautious,0.130071,APPROVE,EURUSD-2020-03-10T21:30:00Z-000131,train
2020-03,2020-03-11T08:20:00Z,2020-03-11T09:20:00Z,EURUSD,SELL,1.13566,WIN,1.554855,15.54855,20.0,60.0,1h 00m,premium,0.677736,score_premium,0.08719,APPROVE,EURUSD-2020-03-11T08:20:00Z-000136,train
2020-03,2020-03-11T09:20:00Z,2020-03-11T10:05:00Z,EURUSD,SELL,1.13461,WIN,1.730598,17.30598,20.0,45.0,45m,premium,0.645862,score_premium,0.047466,APPROVE,EURUSD-2020-03-11T09:20:00Z-000137,train
2020-03,2020-03-11T10:05:00Z,2020-03-11T11:45:00Z,EURUSD,SELL,1.13285,WIN,1.553643,15.53643,20.0,100.0,1h 40m,premium,0.60443,score_premium,0.062149,APPROVE,EURUSD-2020-03-11T10:05:00Z-000138,train
2020-03,2020-03-11T11:45:00Z,2020-03-11T12:15:00Z,EURUSD,SELL,1.13068,LOSS,-1.310229,-13.10229,-10.0,30.0,30m,cautious,0.228583,score_cautious,0.032558,APPROVE,EURUSD-2020-03-11T11:45:00Z-000139,train
2020-03,2020-03-11T12:15:00Z,2020-03-11T13:30:00Z,EURUSD,BUY,1.13175,WIN,1.692957,16.92957,20.0,75.0,1h 15m,premium,0.474248,score_premium,0.025472,APPROVE,EURUSD-2020-03-11T12:15:00Z-000140,train
2020-03,2020-03-11T14:00:00Z,2020-03-11T14:30:00Z,EURUSD,BUY,1.13288,WIN,1.630152,16.30152,20.0,30.0,30m,premium,0.548073,score_premium,0.044554,APPROVE,EURUSD-2020-03-11T14:00:00Z-000141,train
2020-03,2020-03-11T14:30:00Z,2020-03-11T16:10:00Z,EURUSD,SELL,1.13476,WIN,1.79618,17.9618,20.0,100.0,1h 40m,premium,0.570517,score_premium,0.035742,APPROVE,EURUSD-2020-03-11T14:30:00Z-000142,train
2020-03,2020-03-11T17:00:00Z,2020-03-11T17:15:00Z,EURUSD,SELL,1.13071,WIN,1.644013,16.44013,20.0,15.0,15m,premium,0.527432,score_premium,0.077884,APPROVE,EURUSD-2020-03-11T17:00:00Z-000143,train
2020-03,2020-03-11T17:15:00Z,2020-03-11T17:40:00Z,EURUSD,SELL,1.12831,WIN,1.816658,18.16658,20.0,25.0,25m,premium,0.51123,score_premium,0.080957,APPROVE,EURUSD-2020-03-11T17:15:00Z-000144,train
2020-03,2020-03-11T17:40:00Z,2020-03-11T18:00:00Z,EURUSD,SELL,1.12641,LOSS,-1.320928,-13.20928,-10.0,20.0,20m,normal,0.327304,score_normal,0.112402,APPROVE,EURUSD-2020-03-11T17:40:00Z-000145,train
2020-03,2020-03-11T18:00:00Z,2020-03-11T22:00:00Z,EURUSD,SELL,1.128,WIN,0.492302,4.92302,7.4,240.0,4h 00m,premium,0.47099,score_premium,0.167432,APPROVE,EURUSD-2020-03-11T18:00:00Z-000146,train
2020-03,2020-03-12T09:45:00Z,2020-03-12T10:10:00Z,EURUSD,SELL,1.13183,WIN,1.733314,17.33314,20.0,25.0,25m,premium,0.423354,score_premium,0.328214,APPROVE,EURUSD-2020-03-12T09:45:00Z-000156,train
2020-03,2020-03-12T10:10:00Z,2020-03-12T10:20:00Z,EURUSD,SELL,1.13018,LOSS,-1.373234,-13.73234,-10.0,10.0,10m,normal,0.311691,score_normal,0.185148,APPROVE,EURUSD-2020-03-12T10:10:00Z-000157,train
2020-03,2020-03-12T10:20:00Z,2020-03-12T10:25:00Z,EURUSD,SELL,1.12969,WIN,1.761248,17.61248,20.0,5.0,5m,premium,0.564738,score_premium,0.106676,APPROVE,EURUSD-2020-03-12T10:20:00Z-000158,train
2020-03,2020-03-12T10:25:00Z,2020-03-12T11:10:00Z,EURUSD,SELL,1.12673,LOSS,-1.324528,-13.24528,-10.0,45.0,45m,normal,0.328556,score_normal,0.122876,APPROVE,EURUSD-2020-03-12T10:25:00Z-000159,train
2020-03,2020-03-12T11:10:00Z,2020-03-12T11:50:00Z,EURUSD,SELL,1.1272,WIN,1.671534,16.71534,20.0,40.0,40m,premium,0.563017,score_premium,0.057148,APPROVE,EURUSD-2020-03-12T11:10:00Z-000160,train
2020-03,2020-03-12T11:50:00Z,2020-03-12T12:15:00Z,EURUSD,SELL,1.12489,WIN,1.744036,17.44036,20.0,25.0,25m,premium,0.555334,score_premium,0.085011,APPROVE,EURUSD-2020-03-12T11:50:00Z-000161,train
2020-03,2020-03-12T12:15:00Z,2020-03-12T12:40:00Z,EURUSD,SELL,1.12286,LOSS,-1.239618,-12.39618,-10.0,25.0,25m,cautious,0.269654,score_cautious,0.112012,APPROVE,EURUSD-2020-03-12T12:15:00Z-000162,train
2020-03,2020-03-12T12:40:00Z,2020-03-12T13:25:00Z,EURUSD,SELL,1.12422,WIN,1.756605,17.56605,20.0,45.0,45m,premium,0.552527,score_premium,0.059172,APPROVE,EURUSD-2020-03-12T12:40:00Z-000163,train
2020-03,2020-03-12T14:00:00Z,2020-03-12T14:05:00Z,EURUSD,SELL,1.12371,LOSS,-1.279869,-12.79869,-10.0,5.0,5m,normal,0.321973,score_normal,0.075071,APPROVE,EURUSD-2020-03-12T14:00:00Z-000164,train
2020-03,2020-03-12T14:05:00Z,2020-03-12T14:10:00Z,EURUSD,SELL,1.12466,LOSS,-1.249685,-12.49685,-10.0,5.0,5m,cautious,0.220095,score_cautious,0.170455,APPROVE,EURUSD-2020-03-12T14:05:00Z-000165,train
2020-03,2020-03-12T14:10:00Z,2020-03-12T14:20:00Z,EURUSD,SELL,1.12461,WIN,1.737681,17.37681,20.0,10.0,10m,premium,0.41649,score_premium,0.171424,APPROVE,EURUSD-2020-03-12T14:10:00Z-000166,train
2020-03,2020-03-12T14:20:00Z,2020-03-12T14:30:00Z,EURUSD,SELL,1.12257,LOSS,-1.289888,-12.89888,-10.0,10.0,10m,cautious,0.251433,score_cautious,0.090033,APPROVE,EURUSD-2020-03-12T14:20:00Z-000167,train
2020-03,2020-03-12T14:30:00Z,2020-03-12T14:50:00Z,EURUSD,BUY,1.12138,LOSS,-1.289683,-12.89683,-10.0,20.0,20m,cautious,0.245719,score_cautious,0.181955,APPROVE,EURUSD-2020-03-12T14:30:00Z-000168,train
2020-03,2020-03-12T14:50:00Z,2020-03-12T14:55:00Z,EURUSD,SELL,1.12703,LOSS,-1.257979,-12.57979,-10.0,5.0,5m,cautious,0.294057,score_cautious,0.107555,APPROVE,EURUSD-2020-03-12T14:50:00Z-000169,train
2020-03,2020-03-12T14:55:00Z,2020-03-12T15:00:00Z,EURUSD,SELL,1.12502,WIN,1.753006,17.53006,20.0,5.0,5m,normal,0.334,score_normal,0.226517,APPROVE,EURUSD-2020-03-12T14:55:00Z-000170,train
2020-03,2020-03-12T17:00:00Z,2020-03-12T17:10:00Z,EURUSD,SELL,1.11448,WIN,1.651997,16.51997,20.0,10.0,10m,normal,0.390558,score_normal,0.183538,APPROVE,EURUSD-2020-03-12T17:00:00Z-000171,train
2020-03,2020-03-12T17:35:00Z,2020-03-12T17:40:00Z,EURUSD,SELL,1.11248,WIN,1.771509,17.71509,20.0,5.0,5m,cautious,0.299731,score_cautious,0.235304,APPROVE,EURUSD-2020-03-12T17:35:00Z-000175,train
2020-03,2020-03-12T17:40:00Z,2020-03-12T17:45:00Z,EURUSD,SELL,1.11097,WIN,1.626508,16.26508,20.0,5.0,5m,normal,0.325036,score_normal,0.211219,APPROVE,EURUSD-2020-03-12T17:40:00Z-000176,train
2020-03,2020-03-12T17:50:00Z,2020-03-12T18:00:00Z,EURUSD,SELL,1.11024,WIN,1.709275,17.09275,20.0,10.0,10m,cautious,0.237344,score_cautious,0.324213,APPROVE,EURUSD-2020-03-12T17:50:00Z-000178,train
2020-03,2020-03-12T18:15:00Z,2020-03-12T18:35:00Z,EURUSD,BUY,1.10666,WIN,1.684637,16.84637,20.0,20.0,20m,normal,0.320839,score_normal,0.315567,APPROVE,EURUSD-2020-03-12T18:15:00Z-000181,train
2020-03,2020-03-13T07:35:00Z,2020-03-13T08:15:00Z,EURUSD,SELL,1.11989,LOSS,-1.267023,-12.67023,-10.0,40.0,40m,cautious,0.2685,score_cautious,0.111977,APPROVE,EURUSD-2020-03-13T07:35:00Z-000198,train
2020-03,2020-03-13T08:15:00Z,2020-03-13T09:25:00Z,EURUSD,SELL,1.12062,WIN,1.633772,16.33772,20.0,70.0,1h 10m,premium,0.500642,score_premium,0.107883,APPROVE,EURUSD-2020-03-13T08:15:00Z-000199,train
2020-03,2020-03-13T09:25:00Z,2020-03-13T09:35:00Z,EURUSD,SELL,1.11731,LOSS,-1.263847,-12.63847,-10.0,10.0,10m,cautious,0.262277,score_cautious,0.13513,APPROVE,EURUSD-2020-03-13T09:25:00Z-000200,train
2020-03,2020-03-13T09:35:00Z,2020-03-13T09:50:00Z,EURUSD,SELL,1.11883,WIN,1.669352,16.69352,20.0,15.0,15m,normal,0.380184,score_normal,0.253504,APPROVE,EURUSD-2020-03-13T09:35:00Z-000201,train
2020-03,2020-03-13T09:50:00Z,2020-03-13T10:00:00Z,EURUSD,SELL,1.11698,LOSS,-1.247693,-12.47693,-10.0,10.0,10m,cautious,0.249048,score_cautious,0.156104,APPROVE,EURUSD-2020-03-13T09:50:00Z-000202,train
2020-03,2020-03-13T10:15:00Z,2020-03-13T10:45:00Z,EURUSD,SELL,1.1194,LOSS,-1.300768,-13.00768,-10.0,30.0,30m,cautious,0.235552,score_cautious,0.17339,APPROVE,EURUSD-2020-03-13T10:15:00Z-000205,train
2020-03,2020-03-13T10:45:00Z,2020-03-13T11:25:00Z,EURUSD,SELL,1.12046,WIN,1.762509,17.62509,20.0,40.0,40m,premium,0.431407,score_premium,0.126449,APPROVE,EURUSD-2020-03-13T10:45:00Z-000206,train
2020-03,2020-03-13T11:25:00Z,2020-03-13T11:55:00Z,EURUSD,SELL,1.11853,WIN,1.726,17.26,20.0,30.0,30m,premium,0.427429,score_premium,0.10138,APPROVE,EURUSD-2020-03-13T11:25:00Z-000207,train
2020-03,2020-03-13T11:55:00Z,2020-03-13T13:15:00Z,EURUSD,SELL,1.11683,WIN,1.70512,17.0512,20.0,80.0,1h 20m,premium,0.438358,score_premium,0.129524,APPROVE,EURUSD-2020-03-13T11:55:00Z-000208,train
2020-03,2020-03-13T14:10:00Z,2020-03-13T14:35:00Z,EURUSD,SELL,1.11633,WIN,1.792259,17.92259,20.0,25.0,25m,normal,0.301332,score_normal,0.117628,APPROVE,EURUSD-2020-03-13T14:10:00Z-000210,train
2020-03,2020-03-13T14:35:00Z,2020-03-13T14:55:00Z,EURUSD,SELL,1.11465,WIN,1.754966,17.54966,20.0,20.0,20m,normal,0.301632,score_normal,0.111818,APPROVE,EURUSD-2020-03-13T14:35:00Z-000211,train
2020-03,2020-03-13T18:25:00Z,2020-03-13T18:40:00Z,EURUSD,SELL,1.108,WIN,1.699456,16.99456,20.0,15.0,15m,cautious,0.208712,score_cautious,0.420774,APPROVE,EURUSD-2020-03-13T18:25:00Z-000216,train
2020-03,2020-03-17T08:30:00Z,2020-03-17T09:05:00Z,EURUSD,SELL,1.11718,WIN,1.80086,18.0086,20.0,35.0,35m,premium,0.408249,score_premium,0.333989,APPROVE,EURUSD-2020-03-17T08:30:00Z-000228,train
2020-03,2020-03-17T09:05:00Z,2020-03-17T09:45:00Z,EURUSD,SELL,1.11501,WIN,1.758204,17.58204,20.0,40.0,40m,premium,0.502708,score_premium,0.213869,APPROVE,EURUSD-2020-03-17T09:05:00Z-000229,train
2020-03,2020-03-17T11:40:00Z,2020-03-17T12:00:00Z,EURUSD,SELL,1.11126,WIN,1.713642,17.13642,20.0,20.0,20m,premium,0.446531,score_premium,0.235634,APPROVE,EURUSD-2020-03-17T11:40:00Z-000232,train
2020-03,2020-03-17T12:00:00Z,2020-03-17T12:25:00Z,EURUSD,SELL,1.10938,WIN,1.80136,18.0136,20.0,25.0,25m,premium,0.419023,score_premium,0.263549,APPROVE,EURUSD-2020-03-17T12:00:00Z-000233,train
2020-03,2020-03-17T12:25:00Z,2020-03-17T12:50:00Z,EURUSD,SELL,1.10653,WIN,1.652355,16.52355,20.0,25.0,25m,premium,0.452685,score_premium,0.205746,APPROVE,EURUSD-2020-03-17T12:25:00Z-000234,train
2020-03,2020-03-17T12:50:00Z,2020-03-17T13:10:00Z,EURUSD,SELL,1.10414,WIN,1.684644,16.84644,20.0,20.0,20m,premium,0.462719,score_premium,0.20459,APPROVE,EURUSD-2020-03-17T12:50:00Z-000235,train
2020-03,2020-03-17T14:00:00Z,2020-03-17T14:30:00Z,EURUSD,SELL,1.10127,WIN,1.698201,16.98201,20.0,30.0,30m,premium,0.502977,score_premium,0.197945,APPROVE,EURUSD-2020-03-17T14:00:00Z-000236,train
2020-03,2020-03-17T14:30:00Z,2020-03-17T14:35:00Z,EURUSD,BUY,1.09865,LOSS,-1.255827,-12.55827,-10.0,5.0,5m,normal,0.306669,score_normal,0.170856,APPROVE,EURUSD-2020-03-17T14:30:00Z-000237,train
2020-03,2020-03-17T14:40:00Z,2020-03-17T15:35:00Z,EURUSD,BUY,1.09771,WIN,1.629101,16.29101,20.0,55.0,55m,premium,0.423246,score_premium,0.300751,APPROVE,EURUSD-2020-03-17T14:40:00Z-000239,train
2020-03,2020-03-17T17:00:00Z,2020-03-17T17:15:00Z,EURUSD,SELL,1.09704,LOSS,-1.230758,-12.30758,-10.0,15.0,15m,normal,0.360545,score_normal,0.195887,APPROVE,EURUSD-2020-03-17T17:00:00Z-000240,train
2020-03,2020-03-17T17:50:00Z,2020-03-17T18:00:00Z,EURUSD,SELL,1.09874,WIN,1.720335,17.20335,20.0,10.0,10m,normal,0.366237,score_normal,0.43522,APPROVE,EURUSD-2020-03-17T17:50:00Z-000242,train
2020-03,2020-03-17T18:00:00Z,2020-03-17T18:30:00Z,EURUSD,BUY,1.09709,WIN,1.692662,16.92662,20.0,30.0,30m,premium,0.646133,score_premium,0.127007,APPROVE,EURUSD-2020-03-17T18:00:00Z-000243,train
2020-03,2020-03-17T18:30:00Z,2020-03-17T18:35:00Z,EURUSD,BUY,1.09854,LOSS,-1.324788,-13.24788,-10.0,5.0,5m,normal,0.30139,score_normal,0.324803,APPROVE,EURUSD-2020-03-17T18:30:00Z-000244,train
2020-03,2020-03-17T18:35:00Z,2020-03-17T19:00:00Z,EURUSD,BUY,1.09745,LOSS,-1.238172,-12.38172,-10.0,25.0,25m,cautious,0.298062,score_cautious,0.325855,APPROVE,EURUSD-2020-03-17T18:35:00Z-000245,train
2020-03,2020-03-17T19:00:00Z,2020-03-17T19:55:00Z,EURUSD,BUY,1.09661,WIN,1.789155,17.89155,20.0,55.0,55m,premium,0.505692,score_premium,0.385263,APPROVE,EURUSD-2020-03-17T19:00:00Z-000246,train
2020-03,2020-03-17T19:55:00Z,2020-03-17T20:25:00Z,EURUSD,BUY,1.0986,WIN,1.759543,17.59543,20.0,30.0,30m,premium,0.4812,score_premium,0.2579,APPROVE,EURUSD-2020-03-17T19:55:00Z-000247,train
2020-03,2020-03-17T21:00:00Z,2020-03-17T21:10:00Z,EURUSD,BUY,1.09996,LOSS,-1.321088,-13.21088,-10.0,10.0,10m,cautious,0.260348,score_cautious,0.271407,APPROVE,EURUSD-2020-03-17T21:00:00Z-000248,train
2020-03,2020-03-17T21:25:00Z,2020-03-17T21:40:00Z,EURUSD,BUY,1.09843,WIN,1.644436,16.44436,20.0,15.0,15m,premium,0.443962,score_premium,0.284728,APPROVE,EURUSD-2020-03-17T21:25:00Z-000250,train
2020-03,2020-03-17T21:40:00Z,2020-03-17T22:50:00Z,EURUSD,BUY,1.10055,LOSS,-1.229256,-12.29256,-10.0,70.0,1h 10m,cautious,0.280734,score_cautious,0.190136,APPROVE,EURUSD-2020-03-17T21:40:00Z-000251,train
2020-03,2020-03-18T07:45:00Z,2020-03-18T08:10:00Z,EURUSD,SELL,1.10414,WIN,1.781308,17.81308,20.0,25.0,25m,normal,0.314891,score_normal,0.194409,APPROVE,EURUSD-2020-03-18T07:45:00Z-000257,train
2020-03,2020-03-18T08:55:00Z,2020-03-18T09:15:00Z,EURUSD,SELL,1.10075,LOSS,-1.205854,-12.05854,-10.0,20.0,20m,cautious,0.210576,score_cautious,0.24468,APPROVE,EURUSD-2020-03-18T08:55:00Z-000260,train
2020-03,2020-03-18T09:45:00Z,2020-03-18T10:00:00Z,EURUSD,SELL,1.09971,WIN,1.634981,16.34981,20.0,15.0,15m,cautious,0.29159,score_cautious,0.395211,APPROVE,EURUSD-2020-03-18T09:45:00Z-000263,train
2020-03,2020-03-18T10:15:00Z,2020-03-18T10:55:00Z,EURUSD,SELL,1.09846,WIN,1.79093,17.9093,20.0,40.0,40m,cautious,0.245957,score_cautious,0.488763,APPROVE,EURUSD-2020-03-18T10:15:00Z-000266,train
2020-03,2020-03-18T11:25:00Z,2020-03-18T11:35:00Z,EURUSD,SELL,1.09877,LOSS,-1.256534,-12.56534,-10.0,10.0,10m,cautious,0.211046,score_cautious,0.49063,APPROVE,EURUSD-2020-03-18T11:25:00Z-000267,train
2020-03,2020-03-18T14:00:00Z,2020-03-18T14:25:00Z,EURUSD,SELL,1.0977,WIN,1.708824,17.08824,20.0,25.0,25m,normal,0.354517,score_normal,0.316181,APPROVE,EURUSD-2020-03-18T14:00:00Z-000272,train
2020-03,2020-03-18T14:40:00Z,2020-03-18T15:00:00Z,EURUSD,SELL,1.09675,WIN,1.669831,16.69831,20.0,20.0,20m,normal,0.313518,score_normal,0.395585,APPROVE,EURUSD-2020-03-18T14:40:00Z-000274,train
2020-03,2020-03-18T17:35:00Z,2020-03-18T17:45:00Z,EURUSD,SELL,1.0872,WIN,1.781562,17.81562,20.0,10.0,10m,normal,0.327962,score_normal,0.343464,APPROVE,EURUSD-2020-03-18T17:35:00Z-000278,train
2020-03,2020-03-18T17:55:00Z,2020-03-18T18:00:00Z,EURUSD,SELL,1.08546,WIN,1.658163,16.58163,20.0,5.0,5m,cautious,0.216218,score_cautious,0.472879,APPROVE,EURUSD-2020-03-18T17:55:00Z-000280,train
2020-03,2020-03-18T18:25:00Z,2020-03-18T18:55:00Z,EURUSD,SELL,1.08425,WIN,1.688564,16.88564,20.0,30.0,30m,normal,0.347607,score_normal,0.361148,APPROVE,EURUSD-2020-03-18T18:25:00Z-000282,train
2020-03,2020-03-18T18:55:00Z,2020-03-18T19:00:00Z,EURUSD,BUY,1.08176,LOSS,-1.237221,-12.37221,-10.0,5.0,5m,normal,0.346875,score_normal,0.214883,APPROVE,EURUSD-2020-03-18T18:55:00Z-000283,train
2020-03,2020-03-18T19:00:00Z,2020-03-18T19:30:00Z,EURUSD,BUY,1.08091,WIN,1.790441,17.90441,20.0,30.0,30m,premium,0.459866,score_premium,0.366658,APPROVE,EURUSD-2020-03-18T19:00:00Z-000284,train
2020-03,2020-03-18T19:30:00Z,2020-03-18T19:50:00Z,EURUSD,SELL,1.08333,LOSS,-1.322518,-13.22518,-10.0,20.0,20m,cautious,0.207222,score_cautious,0.408977,APPROVE,EURUSD-2020-03-18T19:30:00Z-000285,train
2020-03,2020-03-18T21:55:00Z,2020-03-18T23:00:00Z,EURUSD,BUY,1.08953,WIN,1.731142,17.31142,20.0,65.0,1h 05m,premium,0.401261,score_premium,0.397287,APPROVE,EURUSD-2020-03-18T21:55:00Z-000286,train
2020-03,2020-03-19T08:20:00Z,2020-03-19T08:40:00Z,EURUSD,SELL,1.09338,LOSS,-1.293278,-12.93278,-10.0,20.0,20m,normal,0.324435,score_normal,0.22077,APPROVE,EURUSD-2020-03-19T08:20:00Z-000307,train
2020-03,2020-03-19T08:40:00Z,2020-03-19T08:50:00Z,EURUSD,SELL,1.09328,LOSS,-1.293542,-12.93542,-10.0,10.0,10m,cautious,0.231471,score_cautious,0.373947,APPROVE,EURUSD-2020-03-19T08:40:00Z-000308,train
2020-03,2020-03-19T08:50:00Z,2020-03-19T09:20:00Z,EURUSD,SELL,1.09361,WIN,1.726592,17.26592,20.0,30.0,30m,premium,0.472457,score_premium,0.344628,APPROVE,EURUSD-2020-03-19T08:50:00Z-000309,train
2020-03,2020-03-19T09:20:00Z,2020-03-19T09:30:00Z,EURUSD,SELL,1.09109,WIN,1.752449,17.52449,20.0,10.0,10m,premium,0.622541,score_premium,0.229382,APPROVE,EURUSD-2020-03-19T09:20:00Z-000310,train
2020-03,2020-03-19T09:30:00Z,2020-03-19T09:40:00Z,EURUSD,SELL,1.08915,WIN,1.67576,16.7576,20.0,10.0,10m,premium,0.738481,score_premium,0.176671,APPROVE,EURUSD-2020-03-19T09:30:00Z-000311,train
2020-03,2020-03-19T09:40:00Z,2020-03-19T09:45:00Z,EURUSD,SELL,1.08596,LOSS,-1.320475,-13.20475,-10.0,5.0,5m,premium,0.428265,score_premium,0.279991,APPROVE,EURUSD-2020-03-19T09:40:00Z-000312,train
2020-03,2020-03-19T09:45:00Z,2020-03-19T09:50:00Z,EURUSD,SELL,1.08634,LOSS,-1.375764,-13.75764,-10.0,5.0,5m,normal,0.329777,score_normal,0.397867,APPROVE,EURUSD-2020-03-19T09:45:00Z-000313,train
2020-03,2020-03-19T09:55:00Z,2020-03-19T10:10:00Z,EURUSD,SELL,1.08561,WIN,1.643532,16.43532,20.0,15.0,15m,premium,0.57099,score_premium,0.415028,APPROVE,EURUSD-2020-03-19T09:55:00Z-000314,train
2020-03,2020-03-19T10:10:00Z,2020-03-19T10:15:00Z,EURUSD,BUY,1.08253,LOSS,-1.29494,-12.9494,-10.0,5.0,5m,premium,0.477044,score_premium,0.310622,APPROVE,EURUSD-2020-03-19T10:10:00Z-000315,train
2020-03,2020-03-19T10:15:00Z,2020-03-19T10:20:00Z,EURUSD,BUY,1.08147,WIN,1.684871,16.84871,20.0,5.0,5m,premium,0.657701,score_premium,0.350368,APPROVE,EURUSD-2020-03-19T10:15:00Z-000316,train
2020-03,2020-03-19T10:20:00Z,2020-03-19T10:25:00Z,EURUSD,SELL,1.08527,LOSS,-1.182869,-11.82869,-10.0,5.0,5m,premium,0.414952,score_premium,0.375607,APPROVE,EURUSD-2020-03-19T10:20:00Z-000317,train
2020-03,2020-03-19T10:25:00Z,2020-03-19T10:30:00Z,EURUSD,SELL,1.08731,LOSS,-1.234612,-12.34612,-10.0,5.0,5m,normal,0.380435,score_normal,0.434006,APPROVE,EURUSD-2020-03-19T10:25:00Z-000318,train
2020-03,2020-03-19T10:30:00Z,2020-03-19T10:40:00Z,EURUSD,SELL,1.08737,LOSS,-1.327964,-13.27964,-10.0,10.0,10m,normal,0.368714,score_normal,0.446304,APPROVE,EURUSD-2020-03-19T10:30:00Z-000319,train
2020-03,2020-03-19T10:40:00Z,2020-03-19T10:45:00Z,EURUSD,SELL,1.08706,LOSS,-1.249064,-12.49064,-10.0,5.0,5m,normal,0.374129,score_normal,0.417709,APPROVE,EURUSD-2020-03-19T10:40:00Z-000320,train
2020-03,2020-03-19T10:45:00Z,2020-03-19T10:55:00Z,EURUSD,SELL,1.08864,WIN,1.634328,16.34328,20.0,10.0,10m,premium,0.590581,score_premium,0.398604,APPROVE,EURUSD-2020-03-19T10:45:00Z-000321,train
2020-03,2020-03-19T10:55:00Z,2020-03-19T11:00:00Z,EURUSD,SELL,1.08605,WIN,1.767172,17.67172,20.0,5.0,5m,premium,0.688386,score_premium,0.285611,APPROVE,EURUSD-2020-03-19T10:55:00Z-000322,train
2020-03,2020-03-19T11:00:00Z,2020-03-19T11:15:00Z,EURUSD,BUY,1.08375,WIN,1.621299,16.21299,20.0,15.0,15m,premium,0.592506,score_premium,0.391974,APPROVE,EURUSD-2020-03-19T11:00:00Z-000323,train
2020-03,2020-03-19T11:25:00Z,2020-03-19T11:35:00Z,EURUSD,SELL,1.08501,LOSS,-1.318998,-13.18998,-10.0,10.0,10m,normal,0.338773,score_normal,0.432597,APPROVE,EURUSD-2020-03-19T11:25:00Z-000324,train
2020-03,2020-03-19T11:35:00Z,2020-03-19T11:40:00Z,EURUSD,SELL,1.08661,WIN,1.724764,17.24764,20.0,5.0,5m,premium,0.49196,score_premium,0.459016,APPROVE,EURUSD-2020-03-19T11:35:00Z-000325,train
2020-03,2020-03-19T11:40:00Z,2020-03-19T12:00:00Z,EURUSD,SELL,1.08435,WIN,1.696335,16.96335,20.0,20.0,20m,premium,0.546263,score_premium,0.395622,APPROVE,EURUSD-2020-03-19T11:40:00Z-000326,train
2020-03,2020-03-19T12:00:00Z,2020-03-19T12:25:00Z,EURUSD,SELL,1.08237,WIN,1.761098,17.61098,20.0,25.0,25m,premium,0.533975,score_premium,0.365316,APPROVE,EURUSD-2020-03-19T12:00:00Z-000327,train
2020-03,2020-03-19T12:25:00Z,2020-03-19T13:00:00Z,EURUSD,SELL,1.08054,WIN,1.784892,17.84892,20.0,35.0,35m,premium,0.417075,score_premium,0.470718,APPROVE,EURUSD-2020-03-19T12:25:00Z-000328,train
2020-03,2020-03-19T18:45:00Z,2020-03-19T18:55:00Z,EURUSD,BUY,1.06884,LOSS,-1.332148,-13.32148,-10.0,10.0,10m,cautious,0.271581,score_cautious,0.20278,APPROVE,EURUSD-2020-03-19T18:45:00Z-000329,train
2020-03,2020-03-19T18:55:00Z,2020-03-19T19:00:00Z,EURUSD,BUY,1.0678,LOSS,-1.234431,-12.34431,-10.0,5.0,5m,cautious,0.234614,score_cautious,0.217565,APPROVE,EURUSD-2020-03-19T18:55:00Z-000330,train
2020-03,2020-03-19T19:00:00Z,2020-03-19T19:15:00Z,EURUSD,BUY,1.06628,WIN,1.793904,17.93904,20.0,15.0,15m,premium,0.502869,score_premium,0.174054,APPROVE,EURUSD-2020-03-19T19:00:00Z-000331,train
2020-03,2020-03-19T19:15:00Z,2020-03-19T19:35:00Z,EURUSD,BUY,1.06821,WIN,1.679756,16.79756,20.0,20.0,20m,premium,0.54204,score_premium,0.112877,APPROVE,EURUSD-2020-03-19T19:15:00Z-000332,train
2020-03,2020-03-19T19:35:00Z,2020-03-19T19:40:00Z,EURUSD,BUY,1.07013,LOSS,-1.249483,-12.49483,-10.0,5.0,5m,normal,0.315588,score_normal,0.105638,APPROVE,EURUSD-2020-03-19T19:35:00Z-000333,train
2020-03,2020-03-19T19:40:00Z,2020-03-19T19:50:00Z,EURUSD,BUY,1.06977,LOSS,-1.185923,-11.85923,-10.0,10.0,10m,normal,0.306078,score_normal,0.098731,APPROVE,EURUSD-2020-03-19T19:40:00Z-000334,train
2020-03,2020-03-19T21:00:00Z,2020-03-19T21:15:00Z,EURUSD,BUY,1.06673,WIN,1.716922,17.16922,20.0,15.0,15m,premium,0.509662,score_premium,0.068463,APPROVE,EURUSD-2020-03-19T21:00:00Z-000335,train
2020-03,2020-03-19T21:15:00Z,2020-03-19T21:20:00Z,EURUSD,BUY,1.06881,LOSS,-1.292457,-12.92457,-10.0,5.0,5m,cautious,0.221409,score_cautious,0.133029,APPROVE,EURUSD-2020-03-19T21:15:00Z-000336,train
2020-03,2020-03-20T08:20:00Z,2020-03-20T08:45:00Z,EURUSD,BUY,1.07525,WIN,1.591537,15.91537,20.0,25.0,25m,normal,0.301978,score_normal,0.338098,APPROVE,EURUSD-2020-03-20T08:20:00Z-000349,train
2020-03,2020-03-20T08:45:00Z,2020-03-20T09:05:00Z,EURUSD,SELL,1.07743,WIN,1.633557,16.33557,20.0,20.0,20m,normal,0.336877,score_normal,0.342545,APPROVE,EURUSD-2020-03-20T08:45:00Z-000350,train
2020-03,2020-03-20T09:05:00Z,2020-03-20T09:30:00Z,EURUSD,SELL,1.07506,LOSS,-1.262051,-12.62051,-10.0,25.0,25m,cautious,0.284171,score_cautious,0.20985,APPROVE,EURUSD-2020-03-20T09:05:00Z-000351,train
2020-03,2020-03-20T11:30:00Z,2020-03-20T11:45:00Z,EURUSD,SELL,1.07617,WIN,1.747688,17.47688,20.0,15.0,15m,normal,0.349275,score_normal,0.074794,APPROVE,EURUSD-2020-03-20T11:30:00Z-000355,train
2020-03,2020-03-20T11:45:00Z,2020-03-20T12:10:00Z,EURUSD,SELL,1.07319,WIN,1.653134,16.53134,20.0,25.0,25m,premium,0.482933,score_premium,0.046987,APPROVE,EURUSD-2020-03-20T11:45:00Z-000356,train
2020-03,2020-03-20T12:10:00Z,2020-03-20T12:20:00Z,EURUSD,SELL,1.07214,LOSS,-1.358546,-13.58546,-10.0,10.0,10m,normal,0.307715,score_normal,0.06993,APPROVE,EURUSD-2020-03-20T12:10:00Z-000357,train
2020-03,2020-03-20T12:35:00Z,2020-03-20T12:45:00Z,EURUSD,SELL,1.07481,WIN,1.646207,16.46207,20.0,10.0,10m,normal,0.374681,score_normal,0.102927,APPROVE,EURUSD-2020-03-20T12:35:00Z-000360,train
2020-03,2020-03-20T12:45:00Z,2020-03-20T13:00:00Z,EURUSD,SELL,1.07288,LOSS,-1.261615,-12.61615,-10.0,15.0,15m,cautious,0.224362,score_cautious,0.08987,APPROVE,EURUSD-2020-03-20T12:45:00Z-000361,train
2020-03,2020-03-20T14:00:00Z,2020-03-20T14:10:00Z,EURUSD,SELL,1.07106,LOSS,-1.381968,-13.81968,-10.0,10.0,10m,normal,0.308919,score_normal,0.043946,APPROVE,EURUSD-2020-03-20T14:00:00Z-000362,train
2020-03,2020-03-20T14:50:00Z,2020-03-20T15:00:00Z,EURUSD,SELL,1.07433,WIN,1.652244,16.52244,20.0,10.0,10m,normal,0.389065,score_normal,0.200563,APPROVE,EURUSD-2020-03-20T14:50:00Z-000364,train
2020-03,2020-03-20T17:00:00Z,2020-03-20T17:05:00Z,EURUSD,SELL,1.07199,LOSS,-1.251295,-12.51295,-10.0,5.0,5m,normal,0.314065,score_normal,0.07393,APPROVE,EURUSD-2020-03-20T17:00:00Z-000365,train
2020-03,2020-03-20T17:05:00Z,2020-03-20T17:30:00Z,EURUSD,SELL,1.07427,WIN,1.789154,17.89154,20.0,25.0,25m,normal,0.321907,score_normal,0.311826,APPROVE,EURUSD-2020-03-20T17:05:00Z-000366,train
2020-03,2020-03-20T17:30:00Z,2020-03-20T17:35:00Z,EURUSD,SELL,1.0725,LOSS,-1.238359,-12.38359,-10.0,5.0,5m,normal,0.310971,score_normal,0.145043,APPROVE,EURUSD-2020-03-20T17:30:00Z-000367,train
2020-03,2020-03-20T17:35:00Z,2020-03-20T17:55:00Z,EURUSD,SELL,1.07364,WIN,1.688162,16.88162,20.0,20.0,20m,premium,0.430446,score_premium,0.25547,APPROVE,EURUSD-2020-03-20T17:35:00Z-000368,train
2020-03,2020-03-20T17:55:00Z,2020-03-20T18:00:00Z,EURUSD,BUY,1.06944,LOSS,-1.388732,-13.88732,-10.0,5.0,5m,premium,0.519777,score_premium,0.049135,APPROVE,EURUSD-2020-03-20T17:55:00Z-000369,train
2020-03,2020-03-20T18:00:00Z,2020-03-20T18:05:00Z,EURUSD,BUY,1.06814,WIN,1.664101,16.64101,20.0,5.0,5m,premium,0.665541,score_premium,0.124534,APPROVE,EURUSD-2020-03-20T18:00:00Z-000370,train
2020-03,2020-03-20T18:05:00Z,2020-03-20T18:10:00Z,EURUSD,BUY,1.07033,LOSS,-1.3535,-13.535,-10.0,5.0,5m,premium,0.50251,score_premium,0.052272,APPROVE,EURUSD-2020-03-20T18:05:00Z-000371,train
2020-03,2020-03-20T18:10:00Z,2020-03-20T18:35:00Z,EURUSD,BUY,1.06919,LOSS,-1.304948,-13.04948,-10.0,25.0,25m,premium,0.42849,score_premium,0.128664,APPROVE,EURUSD-2020-03-20T18:10:00Z-000372,train
2020-03,2020-03-20T18:35:00Z,2020-03-20T18:45:00Z,EURUSD,BUY,1.06811,LOSS,-1.371924,-13.71924,-10.0,10.0,10m,premium,0.441631,score_premium,0.07118,APPROVE,EURUSD-2020-03-20T18:35:00Z-000373,train
2020-03,2020-03-20T18:45:00Z,2020-03-20T18:50:00Z,EURUSD,BUY,1.06717,LOSS,-1.231766,-12.31766,-10.0,5.0,5m,normal,0.365547,score_normal,0.132108,APPROVE,EURUSD-2020-03-20T18:45:00Z-000374,train
2020-03,2020-03-20T18:50:00Z,2020-03-20T18:55:00Z,EURUSD,BUY,1.06706,LOSS,-1.351597,-13.51597,-10.0,5.0,5m,normal,0.357161,score_normal,0.121847,APPROVE,EURUSD-2020-03-20T18:50:00Z-000375,train
2020-03,2020-03-20T18:55:00Z,2020-03-20T19:15:00Z,EURUSD,BUY,1.06607,WIN,1.646818,16.46818,20.0,20.0,20m,premium,0.564248,score_premium,0.124064,APPROVE,EURUSD-2020-03-20T18:55:00Z-000376,train
2020-03,2020-03-20T19:15:00Z,2020-03-20T19:55:00Z,EURUSD,BUY,1.06802,LOSS,-1.274393,-12.74393,-10.0,40.0,40m,normal,0.320038,score_normal,0.188723,APPROVE,EURUSD-2020-03-20T19:15:00Z-000377,train
2020-03,2020-03-20T21:20:00Z,2020-03-20T21:30:00Z,EURUSD,BUY,1.06512,LOSS,-1.275051,-12.75051,-10.0,10.0,10m,normal,0.312681,score_normal,0.085916,APPROVE,EURUSD-2020-03-20T21:20:00Z-000378,train
2020-03,2020-03-20T21:30:00Z,2020-03-20T21:50:00Z,EURUSD,BUY,1.06403,WIN,1.755455,17.55455,20.0,20.0,20m,premium,0.55867,score_premium,0.066447,APPROVE,EURUSD-2020-03-20T21:30:00Z-000379,train
2020-03,2020-03-20T21:50:00Z,2020-03-20T22:15:00Z,EURUSD,BUY,1.06646,WIN,1.766967,17.66967,20.0,25.0,25m,premium,0.643511,score_premium,0.054494,APPROVE,EURUSD-2020-03-20T21:50:00Z-000380,train
2020-03,2020-03-25T19:05:00Z,2020-03-25T19:25:00Z,EURUSD,BUY,1.08424,WIN,1.779251,17.79251,20.0,20.0,20m,cautious,0.221143,score_cautious,0.226274,APPROVE,EURUSD-2020-03-25T19:05:00Z-000400,train
2020-03,2020-03-26T14:45:00Z,2020-03-26T15:00:00Z,EURUSD,BUY,1.0949,WIN,1.80729,18.0729,20.0,15.0,15m,cautious,0.248899,score_cautious,0.340178,APPROVE,EURUSD-2020-03-26T14:45:00Z-000409,train
2020-03,2020-03-26T17:00:00Z,2020-03-26T17:30:00Z,EURUSD,BUY,1.09914,WIN,1.801068,18.01068,20.0,30.0,30m,normal,0.36963,score_normal,0.254389,APPROVE,EURUSD-2020-03-26T17:00:00Z-000410,train
2020-03,2020-03-26T17:40:00Z,2020-03-26T18:00:00Z,EURUSD,BUY,1.09971,WIN,1.6484,16.484,20.0,20.0,20m,normal,0.309109,score_normal,0.340616,APPROVE,EURUSD-2020-03-26T17:40:00Z-000412,train
2020-03,2020-03-26T18:00:00Z,2020-03-26T18:05:00Z,EURUSD,BUY,1.10245,LOSS,-1.370886,-13.70886,-10.0,5.0,5m,cautious,0.21258,score_cautious,0.247755,APPROVE,EURUSD-2020-03-26T18:00:00Z-000413,train
2020-03,2020-03-26T18:05:00Z,2020-03-26T18:55:00Z,EURUSD,BUY,1.10126,WIN,1.695974,16.95974,20.0,50.0,50m,normal,0.324157,score_normal,0.358264,APPROVE,EURUSD-2020-03-26T18:05:00Z-000414,train
2020-03,2020-03-26T18:55:00Z,2020-03-26T19:15:00Z,EURUSD,BUY,1.10349,LOSS,-1.301862,-13.01862,-10.0,20.0,20m,cautious,0.271093,score_cautious,0.227504,APPROVE,EURUSD-2020-03-26T18:55:00Z-000415,train
2020-03,2020-03-26T19:15:00Z,2020-03-26T21:05:00Z,EURUSD,BUY,1.10255,WIN,1.640074,16.40074,20.0,110.0,1h 50m,normal,0.387549,score_normal,0.321337,APPROVE,EURUSD-2020-03-26T19:15:00Z-000416,train
2020-03,2020-03-26T21:15:00Z,2020-03-26T22:00:00Z,EURUSD,BUY,1.10288,WIN,1.799258,17.99258,20.0,45.0,45m,cautious,0.229524,score_cautious,0.327365,APPROVE,EURUSD-2020-03-26T21:15:00Z-000418,train
2020-03,2020-03-27T08:35:00Z,2020-03-27T09:30:00Z,EURUSD,SELL,1.10458,WIN,1.782105,17.82105,20.0,55.0,55m,premium,0.401164,score_premium,0.158413,APPROVE,EURUSD-2020-03-27T08:35:00Z-000424,train
2020-03,2020-03-27T10:10:00Z,2020-03-27T10:30:00Z,EURUSD,SELL,1.10397,WIN,1.771299,17.71299,20.0,20.0,20m,cautious,0.225952,score_cautious,0.329171,APPROVE,EURUSD-2020-03-27T10:10:00Z-000426,train
2020-03,2020-03-27T10:30:00Z,2020-03-27T11:30:00Z,EURUSD,SELL,1.10205,WIN,1.630809,16.30809,20.0,60.0,1h 00m,cautious,0.286841,score_cautious,0.26079,APPROVE,EURUSD-2020-03-27T10:30:00Z-000427,train
2020-03,2020-03-27T11:55:00Z,2020-03-27T12:20:00Z,EURUSD,SELL,1.10157,WIN,1.706285,17.06285,20.0,25.0,25m,normal,0.320413,score_normal,0.289864,APPROVE,EURUSD-2020-03-27T11:55:00Z-000430,train
2020-03,2020-03-27T14:40:00Z,2020-03-27T15:25:00Z,EURUSD,SELL,1.09842,WIN,1.654212,16.54212,20.0,45.0,45m,cautious,0.225108,score_cautious,0.044054,APPROVE,EURUSD-2020-03-27T14:40:00Z-000434,train
2020-03,2020-03-27T17:00:00Z,2020-03-27T17:20:00Z,EURUSD,BUY,1.10058,WIN,1.816031,18.16031,20.0,20.0,20m,cautious,0.234534,score_cautious,0.121565,APPROVE,EURUSD-2020-03-27T17:00:00Z-000435,train
2020-03,2020-03-27T17:20:00Z,2020-03-27T17:50:00Z,EURUSD,BUY,1.10277,WIN,1.705956,17.05956,20.0,30.0,30m,normal,0.346455,score_normal,0.089688,APPROVE,EURUSD-2020-03-27T17:20:00Z-000436,train
2020-03,2020-03-27T18:00:00Z,2020-03-27T18:20:00Z,EURUSD,BUY,1.10588,WIN,1.710518,17.10518,20.0,20.0,20m,cautious,0.217724,score_cautious,0.174868,APPROVE,EURUSD-2020-03-27T18:00:00Z-000438,train
2020-03,2020-03-27T18:50:00Z,2020-03-27T19:55:00Z,EURUSD,BUY,1.10679,WIN,1.687314,16.87314,20.0,65.0,1h 05m,normal,0.34721,score_normal,0.10667,APPROVE,EURUSD-2020-03-27T18:50:00Z-000442,train
2020-03,2020-03-27T19:55:00Z,2020-03-27T21:00:00Z,EURUSD,BUY,1.10943,WIN,1.745066,17.45066,20.0,65.0,1h 05m,premium,0.413624,score_premium,0.29456,APPROVE,EURUSD-2020-03-27T19:55:00Z-000443,train
2020-03,2020-03-27T21:00:00Z,2020-03-27T22:15:00Z,EURUSD,BUY,1.11182,WIN,1.732402,17.32402,20.0,75.0,1h 15m,premium,0.445283,score_premium,0.291393,APPROVE,EURUSD-2020-03-27T21:00:00Z-000444,train
2020-03,2020-03-31T09:30:00Z,2020-03-31T11:55:00Z,EURUSD,SELL,1.1007,WIN,1.659716,16.59716,20.0,145.0,2h 25m,normal,0.312826,score_normal,0.408741,APPROVE,EURUSD-2020-03-31T09:30:00Z-000454,train
2022-04,2022-04-01T07:05:00Z,2022-04-01T10:30:00Z,EURUSD,SELL,1.10669,WIN,1.755559,17.55559,20.0,205.0,3h 25m,cautious,0.226491,score_cautious,0.098684,APPROVE,EURUSD-2022-04-01T07:05:00Z-002572,train
2022-04,2022-04-05T07:10:00Z,2022-04-05T11:10:00Z,EURUSD,BUY,1.09701,WIN,0.679959,6.79959,10.0,240.0,4h 00m,cautious,0.288358,score_cautious,0.293806,APPROVE,EURUSD-2022-04-05T07:10:00Z-002580,train
2022-04,2022-04-05T11:10:00Z,2022-04-05T13:40:00Z,EURUSD,SELL,1.09808,WIN,1.733536,17.33536,20.0,150.0,2h 30m,premium,0.418908,score_premium,0.077213,APPROVE,EURUSD-2022-04-05T11:10:00Z-002581,train
2022-04,2022-04-05T14:00:00Z,2022-04-05T17:20:00Z,EURUSD,SELL,1.09698,WIN,1.718911,17.18911,20.0,200.0,3h 20m,cautious,0.285744,score_cautious,0.136351,APPROVE,EURUSD-2022-04-05T14:00:00Z-002582,train
2022-04,2022-04-05T17:20:00Z,2022-04-05T18:20:00Z,EURUSD,SELL,1.09465,WIN,1.632006,16.32006,20.0,60.0,1h 00m,premium,0.555211,score_premium,0.049838,APPROVE,EURUSD-2022-04-05T17:20:00Z-002583,train
2022-04,2022-04-05T18:20:00Z,2022-04-05T21:35:00Z,EURUSD,SELL,1.09269,WIN,1.726524,17.26524,20.0,195.0,3h 15m,premium,0.546477,score_premium,0.085754,APPROVE,EURUSD-2022-04-05T18:20:00Z-002584,train
2022-04,2022-04-06T12:00:00Z,2022-04-06T13:30:00Z,EURUSD,SELL,1.09231,WIN,1.758133,17.58133,20.0,90.0,1h 30m,cautious,0.257202,score_cautious,0.400199,APPROVE,EURUSD-2022-04-06T12:00:00Z-002586,train
2022-04,2022-04-08T08:00:00Z,2022-04-08T11:05:00Z,EURUSD,BUY,1.08549,WIN,1.663102,16.63102,20.0,185.0,3h 05m,cautious,0.213736,score_cautious,0.495754,APPROVE,EURUSD-2022-04-08T08:00:00Z-002591,train
2022-04,2022-04-08T14:30:00Z,2022-04-08T16:20:00Z,EURUSD,SELL,1.08641,WIN,1.692762,16.92762,20.0,110.0,1h 50m,cautious,0.238793,score_cautious,0.02997,APPROVE,EURUSD-2022-04-08T14:30:00Z-002594,train
2022-04,2022-04-08T17:00:00Z,2022-04-08T17:50:00Z,EURUSD,BUY,1.08399,WIN,1.674243,16.74243,20.0,50.0,50m,premium,0.452213,score_premium,0.063017,APPROVE,EURUSD-2022-04-08T17:00:00Z-002595,train
2022-04,2022-04-12T11:10:00Z,2022-04-12T15:10:00Z,EURUSD,SELL,1.08671,WIN,0.195928,1.95928,4.4,240.0,4h 00m,normal,0.333727,score_normal,0.268442,APPROVE,EURUSD-2022-04-12T11:10:00Z-002597,train
2022-04,2022-04-13T10:10:00Z,2022-04-13T10:45:00Z,EURUSD,BUY,1.08162,WIN,1.653272,16.53272,20.0,35.0,35m,premium,0.433946,score_premium,0.186516,APPROVE,EURUSD-2022-04-13T10:10:00Z-002601,train
2022-04,2022-04-13T10:45:00Z,2022-04-13T14:35:00Z,EURUSD,SELL,1.08349,LOSS,-1.306521,-13.06521,-10.0,230.0,3h 50m,cautious,0.227762,score_cautious,0.153268,APPROVE,EURUSD-2022-04-13T10:45:00Z-002602,train
2022-04,2022-04-13T14:35:00Z,2022-04-13T15:25:00Z,EURUSD,SELL,1.08436,WIN,1.792306,17.92306,20.0,50.0,50m,cautious,0.241866,score_cautious,0.08912,APPROVE,EURUSD-2022-04-13T14:35:00Z-002603,train
2022-04,2022-04-14T12:25:00Z,2022-04-14T14:50:00Z,EURUSD,SELL,1.09119,WIN,1.651717,16.51717,20.0,145.0,2h 25m,normal,0.336439,score_normal,0.324569,APPROVE,EURUSD-2022-04-14T12:25:00Z-002607,train
2022-04,2022-04-14T17:00:00Z,2022-04-14T17:25:00Z,EURUSD,BUY,1.07703,WIN,1.764039,17.64039,20.0,25.0,25m,cautious,0.273055,score_cautious,0.41117,APPROVE,EURUSD-2022-04-14T17:00:00Z-002609,train
2022-04,2022-04-14T18:00:00Z,2022-04-14T18:10:00Z,EURUSD,BUY,1.0778,WIN,1.595028,15.95028,20.0,10.0,10m,normal,0.341225,score_normal,0.167256,APPROVE,EURUSD-2022-04-14T18:00:00Z-002612,train
2022-04,2022-04-14T18:45:00Z,2022-04-14T19:10:00Z,EURUSD,BUY,1.07896,WIN,1.678584,16.78584,20.0,25.0,25m,normal,0.349694,score_normal,0.134643,APPROVE,EURUSD-2022-04-14T18:45:00Z-002616,train
2022-04,2022-04-15T11:55:00Z,2022-04-15T15:55:00Z,EURUSD,SELL,1.08207,WIN,0.315405,3.15405,6.3,240.0,4h 00m,normal,0.393294,score_normal,0.216706,APPROVE,EURUSD-2022-04-15T11:55:00Z-002621,train
2022-04,2022-04-15T21:00:00Z,2022-04-16T00:00:00Z,EURUSD,SELL,1.08103,WIN,1.717118,17.17118,20.0,180.0,3h 00m,premium,0.429415,score_premium,0.276502,APPROVE,EURUSD-2022-04-15T21:00:00Z-002622,train
2022-04,2022-04-19T07:00:00Z,2022-04-19T10:35:00Z,EURUSD,BUY,1.07724,WIN,1.677963,16.77963,20.0,215.0,3h 35m,premium,0.60826,score_premium,0.08587,APPROVE,EURUSD-2022-04-19T07:00:00Z-002623,train
2022-04,2022-04-19T10:35:00Z,2022-04-19T11:35:00Z,EURUSD,BUY,1.07909,WIN,1.745837,17.45837,20.0,60.0,1h 00m,premium,0.518888,score_premium,0.120522,APPROVE,EURUSD-2022-04-19T10:35:00Z-002624,train
2022-04,2022-04-19T11:35:00Z,2022-04-19T13:50:00Z,EURUSD,SELL,1.08083,WIN,1.636353,16.36353,20.0,135.0,2h 15m,premium,0.483127,score_premium,0.139254,APPROVE,EURUSD-2022-04-19T11:35:00Z-002625,train
2022-04,2022-04-19T14:00:00Z,2022-04-19T18:00:00Z,EURUSD,BUY,1.0794,LOSS,-1.174227,-11.74227,-9.1,240.0,4h 00m,cautious,0.225029,score_cautious,0.193235,APPROVE,EURUSD-2022-04-19T14:00:00Z-002626,train
2022-04,2022-04-20T07:00:00Z,2022-04-20T09:30:00Z,EURUSD,BUY,1.08184,LOSS,-1.295126,-12.95126,-10.0,150.0,2h 30m,cautious,0.250941,score_cautious,0.125598,APPROVE,EURUSD-2022-04-20T07:00:00Z-002627,train
2022-04,2022-04-20T11:40:00Z,2022-04-20T12:40:00Z,EURUSD,BUY,1.08285,WIN,1.654218,16.54218,20.0,60.0,1h 00m,normal,0.370749,score_normal,0.213799,APPROVE,EURUSD-2022-04-20T11:40:00Z-002629,train
2022-04,2022-04-20T12:40:00Z,2022-04-20T14:55:00Z,EURUSD,SELL,1.08566,WIN,1.745361,17.45361,20.0,135.0,2h 15m,normal,0.37396,score_normal,0.259796,APPROVE,EURUSD-2022-04-20T12:40:00Z-002630,train
2022-04,2022-04-20T17:15:00Z,2022-04-20T21:15:00Z,EURUSD,SELL,1.08592,WIN,0.016371,0.16371,4.2,240.0,4h 00m,cautious,0.291285,score_cautious,0.326912,APPROVE,EURUSD-2022-04-20T17:15:00Z-002633,train
2022-04,2022-04-21T07:00:00Z,2022-04-21T08:50:00Z,EURUSD,BUY,1.08308,WIN,1.673727,16.73727,20.0,110.0,1h 50m,normal,0.320884,score_normal,0.211357,APPROVE,EURUSD-2022-04-21T07:00:00Z-002634,train
2022-04,2022-04-21T08:50:00Z,2022-04-21T09:35:00Z,EURUSD,BUY,1.08507,WIN,1.766334,17.66334,20.0,45.0,45m,premium,0.470263,score_premium,0.104808,APPROVE,EURUSD-2022-04-21T08:50:00Z-002635,train
2022-04,2022-04-21T09:35:00Z,2022-04-21T09:55:00Z,EURUSD,BUY,1.08796,WIN,1.571215,15.71215,20.0,20.0,20m,premium,0.508648,score_premium,0.05748,APPROVE,EURUSD-2022-04-21T09:35:00Z-002636,train
2022-04,2022-04-21T09:55:00Z,2022-04-21T10:10:00Z,EURUSD,BUY,1.08992,LOSS,-1.340122,-13.40122,-10.0,15.0,15m,normal,0.308005,score_normal,0.063191,APPROVE,EURUSD-2022-04-21T09:55:00Z-002637,train
2022-04,2022-04-21T10:10:00Z,2022-04-21T10:40:00Z,EURUSD,BUY,1.08967,WIN,1.670142,16.70142,20.0,30.0,30m,premium,0.595296,score_premium,0.046267,APPROVE,EURUSD-2022-04-21T10:10:00Z-002638,train
2022-04,2022-04-21T10:40:00Z,2022-04-21T10:55:00Z,EURUSD,BUY,1.09156,WIN,1.640289,16.40289,20.0,15.0,15m,premium,0.635796,score_premium,0.055949,APPROVE,EURUSD-2022-04-21T10:40:00Z-002639,train
2022-04,2022-04-21T10:55:00Z,2022-04-21T11:10:00Z,EURUSD,BUY,1.09268,LOSS,-1.250774,-12.50774,-10.0,15.0,15m,normal,0.382403,score_normal,0.071572,APPROVE,EURUSD-2022-04-21T10:55:00Z-002640,train
2022-04,2022-04-21T11:10:00Z,2022-04-21T12:50:00Z,EURUSD,BUY,1.09187,LOSS,-1.29489,-12.9489,-10.0,100.0,1h 40m,normal,0.300832,score_normal,0.153632,APPROVE,EURUSD-2022-04-21T11:10:00Z-002641,train
2022-04,2022-04-21T12:50:00Z,2022-04-21T13:25:00Z,EURUSD,SELL,1.09094,LOSS,-1.38782,-13.8782,-10.0,35.0,35m,cautious,0.265747,score_cautious,0.116953,APPROVE,EURUSD-2022-04-21T12:50:00Z-002642,train
2022-04,2022-04-21T14:00:00Z,2022-04-21T14:25:00Z,EURUSD,SELL,1.09004,WIN,1.6991,16.991,20.0,25.0,25m,cautious,0.272562,score_cautious,0.338534,APPROVE,EURUSD-2022-04-21T14:00:00Z-002643,train
2022-04,2022-04-21T17:05:00Z,2022-04-21T17:55:00Z,EURUSD,SELL,1.08669,WIN,1.7555,17.555,20.0,50.0,50m,normal,0.317954,score_normal,0.137545,APPROVE,EURUSD-2022-04-21T17:05:00Z-002645,train
2022-04,2022-04-22T08:15:00Z,2022-04-22T09:55:00Z,EURUSD,SELL,1.08478,WIN,1.719777,17.19777,20.0,100.0,1h 40m,normal,0.307072,score_normal,0.270965,APPROVE,EURUSD-2022-04-22T08:15:00Z-002648,train
2022-04,2022-04-22T09:55:00Z,2022-04-22T10:15:00Z,EURUSD,SELL,1.08264,WIN,1.684102,16.84102,20.0,20.0,20m,premium,0.467064,score_premium,0.118434,APPROVE,EURUSD-2022-04-22T09:55:00Z-002649,train
2022-04,2022-04-22T10:15:00Z,2022-04-22T11:30:00Z,EURUSD,BUY,1.08045,LOSS,-1.372211,-13.72211,-10.0,75.0,1h 15m,normal,0.301152,score_normal,0.095928,APPROVE,EURUSD-2022-04-22T10:15:00Z-002650,train
2022-04,2022-04-22T11:30:00Z,2022-04-22T14:00:00Z,EURUSD,BUY,1.07932,WIN,1.611428,16.11428,20.0,150.0,2h 30m,premium,0.559266,score_premium,0.067359,APPROVE,EURUSD-2022-04-22T11:30:00Z-002651,train
2022-04,2022-04-22T14:00:00Z,2022-04-22T16:10:00Z,EURUSD,BUY,1.08156,WIN,1.605106,16.05106,20.0,130.0,2h 10m,premium,0.518673,score_premium,0.096881,APPROVE,EURUSD-2022-04-22T14:00:00Z-002652,train
2022-04,2022-04-22T17:00:00Z,2022-04-22T17:35:00Z,EURUSD,BUY,1.08062,LOSS,-1.360499,-13.60499,-10.0,35.0,35m,normal,0.316421,score_normal,0.098903,APPROVE,EURUSD-2022-04-22T17:00:00Z-002653,train
2022-04,2022-04-22T17:55:00Z,2022-04-22T21:55:00Z,EURUSD,BUY,1.07774,WIN,0.959875,9.59875,13.6,240.0,4h 00m,cautious,0.228609,score_cautious,0.394391,APPROVE,EURUSD-2022-04-22T17:55:00Z-002655,train
2022-04,2022-04-22T21:55:00Z,2022-04-23T00:00:00Z,EURUSD,SELL,1.07917,WIN,1.673861,16.73861,20.0,125.0,2h 05m,cautious,0.239538,score_cautious,0.356216,APPROVE,EURUSD-2022-04-22T21:55:00Z-002656,train
2022-04,2022-04-26T09:20:00Z,2022-04-26T10:20:00Z,EURUSD,SELL,1.07167,WIN,1.699595,16.99595,20.0,60.0,1h 00m,premium,0.572839,score_premium,0.104242,APPROVE,EURUSD-2022-04-26T09:20:00Z-002660,train
2022-04,2022-04-26T10:20:00Z,2022-04-26T11:05:00Z,EURUSD,SELL,1.06941,WIN,1.710296,17.10296,20.0,45.0,45m,premium,0.583132,score_premium,0.265716,APPROVE,EURUSD-2022-04-26T10:20:00Z-002661,train
2022-04,2022-04-26T11:05:00Z,2022-04-26T11:25:00Z,EURUSD,SELL,1.0676,LOSS,-1.25929,-12.5929,-10.0,20.0,20m,cautious,0.298028,score_cautious,0.19529,APPROVE,EURUSD-2022-04-26T11:05:00Z-002662,train
2022-04,2022-04-26T11:25:00Z,2022-04-26T15:25:00Z,EURUSD,SELL,1.06888,WIN,1.272758,12.72758,15.1,240.0,4h 00m,premium,0.487847,score_premium,0.151503,APPROVE,EURUSD-2022-04-26T11:25:00Z-002663,train
2022-04,2022-04-26T17:00:00Z,2022-04-26T17:45:00Z,EURUSD,SELL,1.06744,WIN,1.675127,16.75127,20.0,45.0,45m,normal,0.38882,score_normal,0.187541,APPROVE,EURUSD-2022-04-26T17:00:00Z-002664,train
2022-04,2022-04-26T17:45:00Z,2022-04-26T19:20:00Z,EURUSD,BUY,1.06446,WIN,1.699846,16.99846,20.0,95.0,1h 35m,normal,0.372012,score_normal,0.248291,APPROVE,EURUSD-2022-04-26T17:45:00Z-002665,train
2022-04,2022-04-26T19:20:00Z,2022-04-26T21:05:00Z,EURUSD,SELL,1.06644,WIN,1.700303,17.00303,20.0,105.0,1h 45m,premium,0.534576,score_premium,0.171038,APPROVE,EURUSD-2022-04-26T19:20:00Z-002666,train
2022-04,2022-04-27T09:15:00Z,2022-04-27T10:20:00Z,EURUSD,SELL,1.06283,WIN,1.7137,17.137,20.0,65.0,1h 05m,premium,0.400079,score_premium,0.347303,APPROVE,EURUSD-2022-04-27T09:15:00Z-002668,train
2022-04,2022-04-27T10:20:00Z,2022-04-27T10:30:00Z,EURUSD,SELL,1.06082,WIN,1.636025,16.36025,20.0,10.0,10m,premium,0.621378,score_premium,0.198723,APPROVE,EURUSD-2022-04-27T10:20:00Z-002669,train
2022-04,2022-04-27T10:50:00Z,2022-04-27T11:50:00Z,EURUSD,SELL,1.0616,WIN,1.637505,16.37505,20.0,60.0,1h 00m,normal,0.381125,score_normal,0.490962,APPROVE,EURUSD-2022-04-27T10:50:00Z-002672,train
2022-04,2022-04-27T11:50:00Z,2022-04-27T12:00:00Z,EURUSD,SELL,1.05971,LOSS,-1.330292,-13.30292,-10.0,10.0,10m,normal,0.339941,score_normal,0.475922,APPROVE,EURUSD-2022-04-27T11:50:00Z-002673,train
2022-04,2022-04-27T12:00:00Z,2022-04-27T12:10:00Z,EURUSD,SELL,1.05886,LOSS,-1.303342,-13.03342,-10.0,10.0,10m,premium,0.481118,score_premium,0.297094,APPROVE,EURUSD-2022-04-27T12:00:00Z-002674,train
2022-04,2022-04-27T12:10:00Z,2022-04-27T12:25:00Z,EURUSD,SELL,1.05963,LOSS,-1.358605,-13.58605,-10.0,15.0,15m,premium,0.46327,score_premium,0.31251,APPROVE,EURUSD-2022-04-27T12:10:00Z-002675,train
2022-04,2022-04-27T12:25:00Z,2022-04-27T14:30:00Z,EURUSD,SELL,1.0613,WIN,1.61507,16.1507,20.0,125.0,2h 05m,premium,0.6369,score_premium,0.275995,APPROVE,EURUSD-2022-04-27T12:25:00Z-002676,train
2022-04,2022-04-27T14:30:00Z,2022-04-27T15:30:00Z,EURUSD,SELL,1.05937,WIN,1.606485,16.06485,20.0,60.0,1h 00m,premium,0.767821,score_premium,0.14639,APPROVE,EURUSD-2022-04-27T14:30:00Z-002677,train
2022-04,2022-04-27T17:00:00Z,2022-04-27T17:35:00Z,EURUSD,SELL,1.05484,WIN,1.573031,15.73031,20.0,35.0,35m,premium,0.700474,score_premium,0.227373,APPROVE,EURUSD-2022-04-27T17:00:00Z-002678,train
2022-04,2022-04-27T17:35:00Z,2022-04-27T17:55:00Z,EURUSD,BUY,1.05353,LOSS,-1.291136,-12.91136,-10.0,20.0,20m,premium,0.47471,score_premium,0.223475,APPROVE,EURUSD-2022-04-27T17:35:00Z-002679,train
2022-04,2022-04-27T17:55:00Z,2022-04-27T18:20:00Z,EURUSD,SELL,1.05265,LOSS,-1.313934,-13.13934,-10.0,25.0,25m,normal,0.313935,score_normal,0.451471,APPROVE,EURUSD-2022-04-27T17:55:00Z-002680,train
2022-04,2022-04-27T18:20:00Z,2022-04-27T18:35:00Z,EURUSD,SELL,1.05376,LOSS,-1.409558,-14.09558,-10.0,15.0,15m,cautious,0.274435,score_cautious,0.460413,APPROVE,EURUSD-2022-04-27T18:20:00Z-002681,train
2022-04,2022-04-27T18:35:00Z,2022-04-27T19:30:00Z,EURUSD,SELL,1.05522,LOSS,-1.273887,-12.73887,-10.0,55.0,55m,cautious,0.29971,score_cautious,0.314378,APPROVE,EURUSD-2022-04-27T18:35:00Z-002682,train
2022-04,2022-04-28T07:45:00Z,2022-04-28T08:05:00Z,EURUSD,SELL,1.05242,WIN,1.724251,17.24251,20.0,20.0,20m,premium,0.521876,score_premium,0.402163,APPROVE,EURUSD-2022-04-28T07:45:00Z-002686,train
2022-04,2022-04-28T08:40:00Z,2022-04-28T08:45:00Z,EURUSD,BUY,1.05007,LOSS,-1.313944,-13.13944,-10.0,5.0,5m,normal,0.367608,score_normal,0.350879,APPROVE,EURUSD-2022-04-28T08:40:00Z-002687,train
2022-04,2022-04-28T08:45:00Z,2022-04-28T08:50:00Z,EURUSD,SELL,1.04916,LOSS,-1.314573,-13.14573,-10.0,5.0,5m,premium,0.448721,score_premium,0.238834,APPROVE,EURUSD-2022-04-28T08:45:00Z-002688,train
2022-04,2022-04-28T08:50:00Z,2022-04-28T09:50:00Z,EURUSD,SELL,1.05176,LOSS,-1.289191,-12.89191,-10.0,60.0,1h 00m,premium,0.419216,score_premium,0.268028,APPROVE,EURUSD-2022-04-28T08:50:00Z-002689,train
2022-04,2022-04-28T11:40:00Z,2022-04-28T13:25:00Z,EURUSD,SELL,1.05324,WIN,1.624027,16.24027,20.0,105.0,1h 45m,cautious,0.207681,score_cautious,0.176082,APPROVE,EURUSD-2022-04-28T11:40:00Z-002690,train
2022-04,2022-04-28T14:10:00Z,2022-04-28T15:20:00Z,EURUSD,SELL,1.0504,WIN,1.657331,16.57331,20.0,70.0,1h 10m,normal,0.392252,score_normal,0.156985,APPROVE,EURUSD-2022-04-28T14:10:00Z-002692,train
2022-04,2022-04-28T17:00:00Z,2022-04-28T17:10:00Z,EURUSD,SELL,1.05084,LOSS,-1.397174,-13.97174,-10.0,10.0,10m,normal,0.313012,score_normal,0.190868,APPROVE,EURUSD-2022-04-28T17:00:00Z-002693,train
2022-04,2022-04-28T17:10:00Z,2022-04-28T17:35:00Z,EURUSD,SELL,1.05125,WIN,1.636608,16.36608,20.0,25.0,25m,premium,0.438588,score_premium,0.298955,APPROVE,EURUSD-2022-04-28T17:10:00Z-002694,train
2022-04,2022-04-28T17:35:00Z,2022-04-28T18:00:00Z,EURUSD,BUY,1.04913,WIN,1.622351,16.22351,20.0,25.0,25m,premium,0.723079,score_premium,0.208024,APPROVE,EURUSD-2022-04-28T17:35:00Z-002695,train
2022-04,2022-04-28T18:00:00Z,2022-04-28T18:10:00Z,EURUSD,SELL,1.05148,LOSS,-1.388109,-13.88109,-10.0,10.0,10m,cautious,0.29069,score_cautious,0.387548,APPROVE,EURUSD-2022-04-28T18:00:00Z-002696,train
2022-04,2022-04-28T18:10:00Z,2022-04-28T18:55:00Z,EURUSD,SELL,1.05238,WIN,1.595684,15.95684,20.0,45.0,45m,premium,0.455077,score_premium,0.44649,APPROVE,EURUSD-2022-04-28T18:10:00Z-002697,train
2022-04,2022-04-28T18:55:00Z,2022-04-28T19:50:00Z,EURUSD,SELL,1.05034,LOSS,-1.292057,-12.92057,-10.0,55.0,55m,premium,0.495281,score_premium,0.258187,APPROVE,EURUSD-2022-04-28T18:55:00Z-002698,train
2022-04,2022-04-29T08:15:00Z,2022-04-29T09:25:00Z,EURUSD,BUY,1.05266,WIN,1.632413,16.32413,20.0,70.0,1h 10m,premium,0.580693,score_premium,0.273674,APPROVE,EURUSD-2022-04-29T08:15:00Z-002702,train
2022-04,2022-04-29T09:25:00Z,2022-04-29T10:10:00Z,EURUSD,BUY,1.05463,LOSS,-1.307838,-13.07838,-10.0,45.0,45m,premium,0.426199,score_premium,0.27496,APPROVE,EURUSD-2022-04-29T09:25:00Z-002703,train
2022-04,2022-04-29T10:10:00Z,2022-04-29T10:35:00Z,EURUSD,BUY,1.05406,WIN,1.573859,15.73859,20.0,25.0,25m,premium,0.728948,score_premium,0.195207,APPROVE,EURUSD-2022-04-29T10:10:00Z-002704,train
2022-04,2022-04-29T10:35:00Z,2022-04-29T11:45:00Z,EURUSD,BUY,1.05617,WIN,1.754949,17.54949,20.0,70.0,1h 10m,premium,0.705221,score_premium,0.195207,APPROVE,EURUSD-2022-04-29T10:35:00Z-002705,train
2022-04,2022-04-29T11:45:00Z,2022-04-29T12:00:00Z,EURUSD,SELL,1.05883,WIN,1.670505,16.70505,20.0,15.0,15m,premium,0.579385,score_premium,0.288899,APPROVE,EURUSD-2022-04-29T11:45:00Z-002706,train
2022-04,2022-04-29T12:00:00Z,2022-04-29T12:50:00Z,EURUSD,SELL,1.05689,LOSS,-1.297424,-12.97424,-10.0,50.0,50m,premium,0.50349,score_premium,0.145015,APPROVE,EURUSD-2022-04-29T12:00:00Z-002707,train
2022-04,2022-04-29T12:50:00Z,2022-04-29T14:15:00Z,EURUSD,SELL,1.05788,WIN,1.632183,16.32183,20.0,85.0,1h 25m,premium,0.57902,score_premium,0.270452,APPROVE,EURUSD-2022-04-29T12:50:00Z-002708,train
2022-04,2022-04-29T14:15:00Z,2022-04-29T14:30:00Z,EURUSD,SELL,1.05588,LOSS,-1.312099,-13.12099,-10.0,15.0,15m,normal,0.35377,score_normal,0.301417,APPROVE,EURUSD-2022-04-29T14:15:00Z-002709,train
2022-04,2022-04-29T14:30:00Z,2022-04-29T14:40:00Z,EURUSD,SELL,1.05741,WIN,1.679115,16.79115,20.0,10.0,10m,premium,0.56915,score_premium,0.258544,APPROVE,EURUSD-2022-04-29T14:30:00Z-002710,train
2022-04,2022-04-29T14:40:00Z,2022-04-29T15:20:00Z,EURUSD,SELL,1.05563,WIN,1.74286,17.4286,20.0,40.0,40m,premium,0.632829,score_premium,0.201206,APPROVE,EURUSD-2022-04-29T14:40:00Z-002711,train
2022-04,2022-04-29T17:00:00Z,2022-04-29T17:30:00Z,EURUSD,BUY,1.05337,LOSS,-1.374367,-13.74367,-10.0,30.0,30m,premium,0.453292,score_premium,0.120047,APPROVE,EURUSD-2022-04-29T17:00:00Z-002712,train
2022-04,2022-04-29T17:30:00Z,2022-04-29T17:55:00Z,EURUSD,BUY,1.05245,WIN,1.605462,16.05462,20.0,25.0,25m,premium,0.579075,score_premium,0.171001,APPROVE,EURUSD-2022-04-29T17:30:00Z-002713,train
2022-04,2022-04-29T17:55:00Z,2022-04-29T18:30:00Z,EURUSD,BUY,1.0544,LOSS,-1.241273,-12.41273,-10.0,35.0,35m,normal,0.399134,score_normal,0.131791,APPROVE,EURUSD-2022-04-29T17:55:00Z-002714,train
2022-04,2022-04-29T18:30:00Z,2022-04-29T20:05:00Z,EURUSD,BUY,1.05348,WIN,1.753174,17.53174,20.0,95.0,1h 35m,premium,0.512786,score_premium,0.156112,APPROVE,EURUSD-2022-04-29T18:30:00Z-002715,train
2022-04,2022-04-29T21:00:00Z,2022-04-29T22:35:00Z,EURUSD,SELL,1.05728,WIN,1.735762,17.35762,20.0,95.0,1h 35m,premium,0.665004,score_premium,0.083764,APPROVE,EURUSD-2022-04-29T21:00:00Z-002716,train
2026-04,2026-04-02T08:50:00Z,2026-04-02T10:05:00Z,EURUSD,SELL,1.15261,LOSS,-1.321014,-13.21014,-10.0,75.0,1h 15m,normal,0.356072,score_normal,0.132005,APPROVE,EURUSD-2026-04-02T08:50:00Z-006529,test
2026-04,2026-04-02T10:05:00Z,2026-04-02T13:20:00Z,EURUSD,SELL,1.15334,WIN,1.651098,16.51098,20.0,195.0,3h 15m,premium,0.493421,score_premium,0.161101,APPROVE,EURUSD-2026-04-02T10:05:00Z-006530,test
2026-04,2026-04-03T21:00:00Z,2026-04-03T23:15:00Z,EURUSD,SELL,1.15201,LOSS,-1.295383,-12.95383,-10.0,135.0,2h 15m,normal,0.325748,score_normal,0.217932,APPROVE,EURUSD-2026-04-03T21:00:00Z-006536,test
